DB00001	C:MESH:C083544
DB00004	C:MESH:C078456
DB00006	C:MESH:C074619
DB00007	C:MESH:D016729
DB00008	C:MESH:C100416
DB00014	C:MESH:D017273
DB00016	C:MESH:D004921
DB00017	C:MESH:C028815
DB00019	C:MESH:C455861
DB00020	C:MESH:C081222
DB00022	C:MESH:C417083
DB00025	C:MESH:C414350
DB00027	C:MESH:D006096
DB00032	C:MESH:D005640
DB00035	C:MESH:D003894
DB00036	C:MESH:C103587
DB00038	C:MESH:C105308
DB00041	C:MESH:C082598
DB00042	C:MESH:C096323
DB00050	C:MESH:C062876
DB00052	C:MESH:D019382
DB00055	C:MESH:C421124
DB00067	C:MESH:D014667
DB00069	C:MESH:C050739
DB00080	C:MESH:D017576
DB00082	C:MESH:C406545
DB00091	C:MESH:D016572
DB00093	C:MESH:D005259
DB00098	C:MESH:C512542
DB00104	C:MESH:D015282
DB00107	C:MESH:D010121
DB00113	C:MESH:C114976
DB00115	C:MESH:D014805
DB00116	C:MESH:C030371
DB00118	C:MESH:D012436
DB00119	C:MESH:D019289
DB00121	C:MESH:D001710
DB00122	C:MESH:D002794
DB00126	C:MESH:D001205
DB00127	C:MESH:D013096
DB00131	C:MESH:D000249
DB00132	C:MESH:D017962
DB00134	C:MESH:D008715
DB00136	C:MESH:D002117
DB00137	C:MESH:D014975
DB00138	C:MESH:D003553
DB00139	C:MESH:D019802
DB00140	C:MESH:D012256
DB00141	C:MESH:D000117
DB00143	C:MESH:D005978
DB00145	C:MESH:D005998
DB00147	C:MESH:D011730
DB00148	C:MESH:D003401
DB00151	C:MESH:D003545
DB00154	C:MESH:D015126
DB00158	C:MESH:D005492
DB00159	C:MESH:D015118
DB00160	C:MESH:D000409
DB00165	C:MESH:D011736
DB00168	C:MESH:D001218
DB00169	C:MESH:D002762
DB00170	C:MESH:D024483
DB00171	C:MESH:D000255
DB00173	C:MESH:D000225
DB00175	C:MESH:D017035
DB00176	C:MESH:D016666
DB00178	C:MESH:D017257
DB00179	C:MESH:D009637
DB00181	C:MESH:D001418
DB00182	C:MESH:D000661
DB00183	C:MESH:D010418
DB00184	C:MESH:D009538
DB00185	C:MESH:C059240
DB00186	C:MESH:D008140
DB00187	C:MESH:C036604
DB00189	C:MESH:D004984
DB00191	C:MESH:D010645
DB00192	C:MESH:C042398
DB00195	C:MESH:D015784
DB00196	C:MESH:D015725
DB00198	C:MESH:D053139
DB00199	C:MESH:D004917
DB00200	C:MESH:D006879
DB00201	C:MESH:D002110
DB00202	C:MESH:D013390
DB00204	C:MESH:C063533
DB00205	C:MESH:D011739
DB00206	C:MESH:D012110
DB00207	C:MESH:D017963
DB00208	C:MESH:D013988
DB00211	C:MESH:D008879
DB00212	C:MESH:C065581
DB00215	C:MESH:D015283
DB00216	C:MESH:C115647
DB00217	C:MESH:D001627
DB00219	C:MESH:D010115
DB00220	C:MESH:D019888
DB00221	C:MESH:D007528
DB00222	C:MESH:C057619
DB00223	C:MESH:C014477
DB00225	C:MESH:C064925
DB00226	C:MESH:C004945
DB00227	C:MESH:D008148
DB00228	C:MESH:D004737
DB00229	C:MESH:D015310
DB00231	C:MESH:D013693
DB00232	C:MESH:D008736
DB00233	C:MESH:D010131
DB00235	C:MESH:D020105
DB00236	C:MESH:D010885
DB00237	C:MESH:C084833
DB00238	C:MESH:D019829
DB00239	C:MESH:C022155
DB00242	C:MESH:D017338
DB00244	C:MESH:D019804
DB00245	C:MESH:D001590
DB00246	C:MESH:C092292
DB00247	C:MESH:D008784
DB00249	C:MESH:D007065
DB00250	C:MESH:D003622
DB00251	C:MESH:C037815
DB00252	C:MESH:D010672
DB00253	C:MESH:C100283
DB00255	C:MESH:D004054
DB00256	C:MESH:D008194
DB00257	C:MESH:D003022
DB00258	C:MESH:C120662
DB00260	C:MESH:D003523
DB00261	C:MESH:C021139
DB00262	C:MESH:D002330
DB00263	C:MESH:D013444
DB00264	C:MESH:D008790
DB00266	C:MESH:D001728
DB00267	C:MESH:D015281
DB00268	C:MESH:C046649
DB00269	C:MESH:D002741
DB00270	C:MESH:D017275
DB00271	C:MESH:D003973
DB00272	C:MESH:D001625
DB00274	C:MESH:D015311
DB00275	C:MESH:C437965
DB00276	C:MESH:D000677
DB00279	C:MESH:D014284
DB00280	C:MESH:D004206
DB00281	C:MESH:D008012
DB00283	C:MESH:D002974
DB00284	C:MESH:D020909
DB00288	C:MESH:C012716
DB00290	C:MESH:D001761
DB00291	C:MESH:D002699
DB00292	C:MESH:D005045
DB00293	C:MESH:C068874
DB00294	C:MESH:C044815
DB00295	C:MESH:D009020
DB00297	C:MESH:D002045
DB00298	C:MESH:C035289
DB00299	C:MESH:C053539
DB00301	C:MESH:D005436
DB00302	C:MESH:D014148
DB00304	C:MESH:D017135
DB00305	C:MESH:D016685
DB00308	C:MESH:C067192
DB00309	C:MESH:D014751
DB00310	C:MESH:D002752
DB00311	C:MESH:D005016
DB00312	C:MESH:D010424
DB00313	C:MESH:D014635
DB00314	C:MESH:D002207
DB00315	C:MESH:C089750
DB00316	C:MESH:D000082
DB00320	C:MESH:D004087
DB00321	C:MESH:D000639
DB00322	C:MESH:D005467
DB00324	C:MESH:D005469
DB00325	C:MESH:D009599
DB00327	C:MESH:D004091
DB00328	C:MESH:D007213
DB00330	C:MESH:D004977
DB00331	C:MESH:D008687
DB00332	C:MESH:D009241
DB00333	C:MESH:D008691
DB00335	C:MESH:D001262
DB00336	C:MESH:D009583
DB00337	C:MESH:C117268
DB00338	C:MESH:D009853
DB00339	C:MESH:D011718
DB00340	C:MESH:C005111
DB00341	C:MESH:D017332
DB00342	C:MESH:D016593
DB00343	C:MESH:D004110
DB00344	C:MESH:D011530
DB00345	C:MESH:D010130
DB00346	C:MESH:C047638
DB00347	C:MESH:D014293
DB00348	C:MESH:C077073
DB00350	C:MESH:D008914
DB00351	C:MESH:D019290
DB00353	C:MESH:D008755
DB00354	C:MESH:C046894
DB00355	C:MESH:D001398
DB00356	C:MESH:D002753
DB00357	C:MESH:D000616
DB00358	C:MESH:D015767
DB00359	C:MESH:D013411
DB00360	C:MESH:C003402
DB00363	C:MESH:D003024
DB00364	C:MESH:D013392
DB00365	C:MESH:C075375
DB00366	C:MESH:D004319
DB00367	C:MESH:D016912
DB00368	C:MESH:D009638
DB00371	C:MESH:D008620
DB00372	C:MESH:D013847
DB00374	C:MESH:C054809
DB00375	C:MESH:D003084
DB00376	C:MESH:D014282
DB00378	C:MESH:D004394
DB00379	C:MESH:D008801
DB00380	C:MESH:D064730
DB00381	C:MESH:D017311
DB00382	C:MESH:D013619
DB00383	C:MESH:C100201
DB00384	C:MESH:D014223
DB00385	C:MESH:C016163
DB00387	C:MESH:D011352
DB00388	C:MESH:D010656
DB00389	C:MESH:D002231
DB00390	C:MESH:D004077
DB00391	C:MESH:D013469
DB00392	C:MESH:C084820
DB00393	C:MESH:D009553
DB00395	C:MESH:D002328
DB00396	C:MESH:D011374
DB00400	C:MESH:D006118
DB00401	C:MESH:D015737
DB00403	C:MESH:D002108
DB00404	C:MESH:D000525
DB00405	C:MESH:C015121
DB00408	C:MESH:D008152
DB00409	C:MESH:D017330
DB00410	C:MESH:D016712
DB00414	C:MESH:D000092
DB00415	C:MESH:D000667
DB00417	C:MESH:D010404
DB00418	C:MESH:D012631
DB00419	C:MESH:C059896
DB00420	C:MESH:D011395
DB00421	C:MESH:D013148
DB00422	C:MESH:D008774
DB00423	C:MESH:D008721
DB00424	C:MESH:D064692
DB00427	C:MESH:D014311
DB00429	C:MESH:C062843
DB00430	C:MESH:C036666
DB00431	C:MESH:D001556
DB00432	C:MESH:D014271
DB00433	C:MESH:D011346
DB00434	C:MESH:D003533
DB00436	C:MESH:D001539
DB00437	C:MESH:D000493
DB00439	C:MESH:C086276
DB00440	C:MESH:D014295
DB00441	C:MESH:C056507
DB00443	C:MESH:D001623
DB00444	C:MESH:D013713
DB00445	C:MESH:D015251
DB00446	C:MESH:D002701
DB00448	C:MESH:D064747
DB00449	C:MESH:C015173
DB00450	C:MESH:D004329
DB00451	C:MESH:D013974
DB00452	C:MESH:D005601
DB00453	C:MESH:C007090
DB00454	C:MESH:D008614
DB00455	C:MESH:D017336
DB00456	C:MESH:D002512
DB00457	C:MESH:D011224
DB00458	C:MESH:D007099
DB00459	C:MESH:D017255
DB00463	C:MESH:C084822
DB00464	C:MESH:D012981
DB00465	C:MESH:D020910
DB00466	C:MESH:D010852
DB00467	C:MESH:D015365
DB00468	C:MESH:D011803
DB00469	C:MESH:C032801
DB00470	C:MESH:D013759
DB00471	C:MESH:C093875
DB00472	C:MESH:D005473
DB00473	C:MESH:C004954
DB00474	C:MESH:D008723
DB00475	C:MESH:D002707
DB00477	C:MESH:D002746
DB00478	C:MESH:D012299
DB00479	C:MESH:D000583
DB00483	C:MESH:D005703
DB00485	C:MESH:D004009
DB00486	C:MESH:C011941
DB00487	C:MESH:D015366
DB00488	C:MESH:D006585
DB00489	C:MESH:D013015
DB00490	C:MESH:D002065
DB00491	C:MESH:C045621
DB00492	C:MESH:D017328
DB00493	C:MESH:D002439
DB00494	C:MESH:C071192
DB00495	C:MESH:D015215
DB00496	C:MESH:C101207
DB00497	C:MESH:D010098
DB00498	C:MESH:D010630
DB00499	C:MESH:D005485
DB00500	C:MESH:D014046
DB00501	C:MESH:D002927
DB00502	C:MESH:D006220
DB00503	C:MESH:D019438
DB00504	C:MESH:D007977
DB00507	C:MESH:C041747
DB00508	C:MESH:D014273
DB00509	C:MESH:D003918
DB00512	C:MESH:D014640
DB00513	C:MESH:D015119
DB00514	C:MESH:D003915
DB00515	C:MESH:D002945
DB00517	C:MESH:C100237
DB00518	C:MESH:D015766
DB00519	C:MESH:C052035
DB00521	C:MESH:D002354
DB00522	C:MESH:C006717
DB00524	C:MESH:D008788
DB00525	C:MESH:D014047
DB00527	C:MESH:D003992
DB00528	C:MESH:C060343
DB00529	C:MESH:D017245
DB00532	C:MESH:D008617
DB00533	C:MESH:C116926
DB00534	C:MESH:D002717
DB00536	C:MESH:D019791
DB00537	C:MESH:D002939
DB00538	C:MESH:C112666
DB00539	C:MESH:D017312
DB00540	C:MESH:D009661
DB00541	C:MESH:D014750
DB00542	C:MESH:C044946
DB00543	C:MESH:D000657
DB00544	C:MESH:D005472
DB00546	C:MESH:C039668
DB00547	C:MESH:D003899
DB00548	C:MESH:C010038
DB00549	C:MESH:C062735
DB00550	C:MESH:D011441
DB00551	C:MESH:C006358
DB00552	C:MESH:D015649
DB00553	C:MESH:D008730
DB00554	C:MESH:D010894
DB00556	C:MESH:C042852
DB00557	C:MESH:D006919
DB00558	C:MESH:D053243
DB00561	C:MESH:D004315
DB00562	C:MESH:C004463
DB00563	C:MESH:D008727
DB00564	C:MESH:D002220
DB00565	C:MESH:C101584
DB00566	C:MESH:D004113
DB00568	C:MESH:D002936
DB00570	C:MESH:D014747
DB00571	C:MESH:D011433
DB00572	C:MESH:D001285
DB00573	C:MESH:D005279
DB00574	C:MESH:D005277
DB00575	C:MESH:D003000
DB00576	C:MESH:D013419
DB00578	C:MESH:D002228
DB00579	C:MESH:D008454
DB00580	C:MESH:C406224
DB00581	C:MESH:D007792
DB00582	C:MESH:D065819
DB00584	C:MESH:D004656
DB00585	C:MESH:D016567
DB00586	C:MESH:D004008
DB00587	C:MESH:C071436
DB00589	C:MESH:D008090
DB00590	C:MESH:D017292
DB00591	C:MESH:D005446
DB00593	C:MESH:D005013
DB00594	C:MESH:D000584
DB00596	C:MESH:C064466
DB00597	C:MESH:C062402
DB00598	C:MESH:D007741
DB00599	C:MESH:D013874
DB00600	C:MESH:C006429
DB00602	C:MESH:D007559
DB00603	C:MESH:D017258
DB00604	C:MESH:D020117
DB00605	C:MESH:D013467
DB00606	C:MESH:C004639
DB00607	C:MESH:D009254
DB00608	C:MESH:D002738
DB00609	C:MESH:D005000
DB00610	C:MESH:D008680
DB00611	C:MESH:D002077
DB00612	C:MESH:D017298
DB00613	C:MESH:D000655
DB00614	C:MESH:D005664
DB00615	C:MESH:D017828
DB00616	C:MESH:C062766
DB00617	C:MESH:C005731
DB00618	C:MESH:D003707
DB00620	C:MESH:D014221
DB00621	C:MESH:D010074
DB00622	C:MESH:D009529
DB00623	C:MESH:D005476
DB00624	C:MESH:D013739
DB00625	C:MESH:C098320
DB00626	C:MESH:D001414
DB00627	C:MESH:D009525
DB00629	C:MESH:D006143
DB00630	C:MESH:D019386
DB00632	C:MESH:C529236
DB00633	C:MESH:D020927
DB00634	C:MESH:D013409
DB00635	C:MESH:D011241
DB00636	C:MESH:D002994
DB00637	C:MESH:D016589
DB00639	C:MESH:C017125
DB00640	C:MESH:D000241
DB00641	C:MESH:D019821
DB00643	C:MESH:D008463
DB00644	C:MESH:D007987
DB00645	C:MESH:C100063
DB00646	C:MESH:D009761
DB00647	C:MESH:D011431
DB00648	C:MESH:D008939
DB00649	C:MESH:D018119
DB00650	C:MESH:D002955
DB00651	C:MESH:D004400
DB00653	C:MESH:D008278
DB00655	C:MESH:D004970
DB00656	C:MESH:D014196
DB00657	C:MESH:D008464
DB00660	C:MESH:C011301
DB00661	C:MESH:D014700
DB00662	C:MESH:C100146
DB00663	C:MESH:D005443
DB00664	C:MESH:D013415
DB00665	C:MESH:C021277
DB00666	C:MESH:D017274
DB00668	C:MESH:D004837
DB00669	C:MESH:D018170
DB00670	C:MESH:D010890
DB00672	C:MESH:D002747
DB00674	C:MESH:D005702
DB00675	C:MESH:D013629
DB00676	C:MESH:C006723
DB00677	C:MESH:D007531
DB00678	C:MESH:D019808
DB00679	C:MESH:D013881
DB00680	C:MESH:D016293
DB00681	C:MESH:D000666
DB00682	C:MESH:D014859
DB00683	C:MESH:D008874
DB00684	C:MESH:D014031
DB00685	C:MESH:C080163
DB00686	C:MESH:D010426
DB00687	C:MESH:D005438
DB00690	C:MESH:D005479
DB00691	C:MESH:C058302
DB00692	C:MESH:D010646
DB00693	C:MESH:D019793
DB00694	C:MESH:D003630
DB00695	C:MESH:D005665
DB00696	C:MESH:D004878
DB00697	C:MESH:C023754
DB00698	C:MESH:D009582
DB00699	C:MESH:D009530
DB00701	C:MESH:C095108
DB00703	C:MESH:D008704
DB00704	C:MESH:D009271
DB00705	C:MESH:D020008
DB00708	C:MESH:D017409
DB00709	C:MESH:D019259
DB00711	C:MESH:D004049
DB00712	C:MESH:D005480
DB00713	C:MESH:D010068
DB00714	C:MESH:D001058
DB00715	C:MESH:D017374
DB00716	C:MESH:D017835
DB00717	C:MESH:D009640
DB00718	C:MESH:C106812
DB00719	C:MESH:C006656
DB00720	C:MESH:D004002
DB00721	C:MESH:D011343
DB00723	C:MESH:D008729
DB00726	C:MESH:D014299
DB00727	C:MESH:D005996
DB00730	C:MESH:D013827
DB00733	C:MESH:C028797
DB00734	C:MESH:D018967
DB00735	C:MESH:C029178
DB00736	C:MESH:D064098
DB00737	C:MESH:D008468
DB00738	C:MESH:D010419
DB00739	C:MESH:C100115
DB00740	C:MESH:D019782
DB00741	C:MESH:D006854
DB00742	C:MESH:D008353
DB00743	C:MESH:C064572
DB00744	C:MESH:C063449
DB00746	C:MESH:D003676
DB00747	C:MESH:D012601
DB00748	C:MESH:C004649
DB00749	C:MESH:D017308
DB00750	C:MESH:D011318
DB00751	C:MESH:C053090
DB00752	C:MESH:D014191
DB00753	C:MESH:D007530
DB00754	C:MESH:C084606
DB00755	C:MESH:D014212
DB00756	C:MESH:D006582
DB00757	C:MESH:C060344
DB00759	C:MESH:D013752
DB00761	C:MESH:D011189
DB00763	C:MESH:D008713
DB00766	C:MESH:D019818
DB00767	C:MESH:C100234
DB00770	C:MESH:D000527
DB00771	C:MESH:C054940
DB00772	C:MESH:D008294
DB00773	C:MESH:D005047
DB00774	C:MESH:D006857
DB00777	C:MESH:C084591
DB00778	C:MESH:D015575
DB00779	C:MESH:D009268
DB00780	C:MESH:D010624
DB00782	C:MESH:D011413
DB00783	C:MESH:D004958
DB00784	C:MESH:D008528
DB00786	C:MESH:C100342
DB00787	C:MESH:D000212
DB00788	C:MESH:D009288
DB00789	C:MESH:D019786
DB00790	C:MESH:D020913
DB00792	C:MESH:D014309
DB00793	C:MESH:C100276
DB00794	C:MESH:D011324
DB00795	C:MESH:D012460
DB00796	C:MESH:C077793
DB00797	C:MESH:D014043
DB00799	C:MESH:C086827
DB00800	C:MESH:D018818
DB00801	C:MESH:C010175
DB00802	C:MESH:D015760
DB00803	C:MESH:D003091
DB00804	C:MESH:D004025
DB00805	C:MESH:C006149
DB00806	C:MESH:D010431
DB00807	C:MESH:C005717
DB00808	C:MESH:D007190
DB00809	C:MESH:D014331
DB00810	C:MESH:D001712
DB00811	C:MESH:D012254
DB00812	C:MESH:D010653
DB00813	C:MESH:D005283
DB00815	C:MESH:D012967
DB00816	C:MESH:D009921
DB00817	C:MESH:C021083
DB00818	C:MESH:D015742
DB00819	C:MESH:D000086
DB00821	C:MESH:C007005
DB00822	C:MESH:D004221
DB00823	C:MESH:D005040
DB00824	C:MESH:C034347
DB00826	C:MESH:D010866
DB00827	C:MESH:D002937
DB00828	C:MESH:D005578
DB00829	C:MESH:D003975
DB00830	C:MESH:D010633
DB00831	C:MESH:D014268
DB00832	C:MESH:C100129
DB00834	C:MESH:D015735
DB00835	C:MESH:D001977
DB00836	C:MESH:D008139
DB00839	C:MESH:D014042
DB00841	C:MESH:D004280
DB00842	C:MESH:D010076
DB00844	C:MESH:D009266
DB00845	C:MESH:D002991
DB00846	C:MESH:D005478
DB00847	C:MESH:D003543
DB00848	C:MESH:D007978
DB00849	C:MESH:D008618
DB00850	C:MESH:D010546
DB00851	C:MESH:D003606
DB00852	C:MESH:D054199
DB00854	C:MESH:D007981
DB00855	C:MESH:D000622
DB00856	C:MESH:D002743
DB00858	C:MESH:C100263
DB00859	C:MESH:D010396
DB00860	C:MESH:D011239
DB00861	C:MESH:D004061
DB00863	C:MESH:D011899
DB00865	C:MESH:D001589
DB00866	C:MESH:D000526
DB00867	C:MESH:D012312
DB00868	C:MESH:C029755
DB00869	C:MESH:C062765
DB00870	C:MESH:D013496
DB00871	C:MESH:D013726
DB00872	C:MESH:C106389
DB00874	C:MESH:D006140
DB00875	C:MESH:D005475
DB00876	C:MESH:C068373
DB00877	C:MESH:D020123
DB00878	C:MESH:D002710
DB00879	C:MESH:C081758
DB00880	C:MESH:D002740
DB00882	C:MESH:D002996
DB00883	C:MESH:D007548
DB00886	C:MESH:C106266
DB00887	C:MESH:D002034
DB00888	C:MESH:D008466
DB00889	C:MESH:D017829
DB00890	C:MESH:D004028
DB00891	C:MESH:D013427
DB00892	C:MESH:C005298
DB00893	C:MESH:D007505
DB00894	C:MESH:D013738
DB00896	C:MESH:C013769
DB00897	C:MESH:D014229
DB00898	C:MESH:D000431
DB00900	C:MESH:D016049
DB00901	C:MESH:C011685
DB00902	C:MESH:C044642
DB00903	C:MESH:D004976
DB00904	C:MESH:D017294
DB00907	C:MESH:D003042
DB00908	C:MESH:D011802
DB00910	C:MESH:C084656
DB00911	C:MESH:D014011
DB00912	C:MESH:C072379
DB00913	C:MESH:C100232
DB00914	C:MESH:D010629
DB00915	C:MESH:D000547
DB00916	C:MESH:D008795
DB00917	C:MESH:D015232
DB00918	C:MESH:C409045
DB00919	C:MESH:D000198
DB00920	C:MESH:D007665
DB00921	C:MESH:D002047
DB00923	C:MESH:C012653
DB00924	C:MESH:C004704
DB00925	C:MESH:D010643
DB00926	C:MESH:D005050
DB00927	C:MESH:D015738
DB00928	C:MESH:D001374
DB00929	C:MESH:D016595
DB00931	C:MESH:D008690
DB00932	C:MESH:C107201
DB00933	C:MESH:D008653
DB00934	C:MESH:D008376
DB00935	C:MESH:D010109
DB00936	C:MESH:D020156
DB00937	C:MESH:D004053
DB00939	C:MESH:D008469
DB00941	C:MESH:C005034
DB00943	C:MESH:D016047
DB00944	C:MESH:C100193
DB00945	C:MESH:D001241
DB00946	C:MESH:D010644
DB00948	C:MESH:D008802
DB00950	C:MESH:C093230
DB00951	C:MESH:D007538
DB00952	C:MESH:C106783
DB00953	C:MESH:C093622
DB00954	C:MESH:C053853
DB00955	C:MESH:D009428
DB00956	C:MESH:D006853
DB00957	C:MESH:C017576
DB00958	C:MESH:D016190
DB00959	C:MESH:D008775
DB00960	C:MESH:D010869
DB00961	C:MESH:D008619
DB00962	C:MESH:C085665
DB00963	C:MESH:C053083
DB00964	C:MESH:C016986
DB00965	C:MESH:D004998
DB00967	C:MESH:C121345
DB00969	C:MESH:C090840
DB00970	C:MESH:D003609
DB00971	C:MESH:C025698
DB00972	C:MESH:C020976
DB00974	C:MESH:D004492
DB00975	C:MESH:D004176
DB00976	C:MESH:C106791
DB00977	C:MESH:D004997
DB00978	C:MESH:C053091
DB00979	C:MESH:D003519
DB00980	C:MESH:C495910
DB00981	C:MESH:D010830
DB00982	C:MESH:D015474
DB00984	C:MESH:C008580
DB00985	C:MESH:D004111
DB00987	C:MESH:D003561
DB00988	C:MESH:D004298
DB00990	C:MESH:C056516
DB00992	C:MESH:C475457
DB00993	C:MESH:D001379
DB00994	C:MESH:D009355
DB00995	C:MESH:D001310
DB00997	C:MESH:D004317
DB00998	C:MESH:C108128
DB00999	C:MESH:D006852
DB01000	C:MESH:D003493
DB01001	C:MESH:D000420
DB01004	C:MESH:D015774
DB01005	C:MESH:D006918
DB01007	C:MESH:C020527
DB01008	C:MESH:D002066
DB01009	C:MESH:D007660
DB01010	C:MESH:D004491
DB01011	C:MESH:D008797
DB01014	C:MESH:C038637
DB01015	C:MESH:D013420
DB01016	C:MESH:D005905
DB01017	C:MESH:D008911
DB01018	C:MESH:D016316
DB01019	C:MESH:D018723
DB01020	C:MESH:C030397
DB01021	C:MESH:D014237
DB01022	C:MESH:D010837
DB01023	C:MESH:D015736
DB01024	C:MESH:D009173
DB01025	C:MESH:C045742
DB01026	C:MESH:D007654
DB01028	C:MESH:D008733
DB01030	C:MESH:D019772
DB01031	C:MESH:C100198
DB01032	C:MESH:D011339
DB01034	C:MESH:D002569
DB01035	C:MESH:D011342
DB01037	C:MESH:D012642
DB01039	C:MESH:D011345
DB01041	C:MESH:D013792
DB01042	C:MESH:D008558
DB01043	C:MESH:D008559
DB01045	C:MESH:D012293
DB01047	C:MESH:D005447
DB01048	C:MESH:C106538
DB01049	C:MESH:D004877
DB01050	C:MESH:D007052
DB01051	C:MESH:D009675
DB01053	C:MESH:D010400
DB01054	C:MESH:D009568
DB01055	C:MESH:D008898
DB01056	C:MESH:D016677
DB01058	C:MESH:D011223
DB01059	C:MESH:D009643
DB01061	C:MESH:D001390
DB01062	C:MESH:C005419
DB01063	C:MESH:C100162
DB01064	C:MESH:D007545
DB01065	C:MESH:D008550
DB01066	C:MESH:C073460
DB01067	C:MESH:D005913
DB01068	C:MESH:D002998
DB01069	C:MESH:D011398
DB01070	C:MESH:D004097
DB01071	C:MESH:C006069
DB01073	C:MESH:C024352
DB01074	C:MESH:D010480
DB01075	C:MESH:D004155
DB01077	C:MESH:D012968
DB01078	C:MESH:D003892
DB01080	C:MESH:D020888
DB01081	C:MESH:D004157
DB01082	C:MESH:D013307
DB01084	C:MESH:C043345
DB01085	C:MESH:D010862
DB01086	C:MESH:D001566
DB01087	C:MESH:D011319
DB01088	C:MESH:D016285
DB01089	C:MESH:C100104
DB01091	C:MESH:C067594
DB01092	C:MESH:D010042
DB01093	C:MESH:D004121
DB01094	C:MESH:C013015
DB01096	C:MESH:D010073
DB01099	C:MESH:D005437
DB01100	C:MESH:D010868
DB01102	C:MESH:C076559
DB01103	C:MESH:D011796
DB01104	C:MESH:D020280
DB01105	C:MESH:C058254
DB01106	C:MESH:C047340
DB01107	C:MESH:C084583
DB01108	C:MESH:C009954
DB01109	C:MESH:D006493
DB01110	C:MESH:D008825
DB01111	C:MESH:C004691
DB01112	C:MESH:D002444
DB01113	C:MESH:D010208
DB01114	C:MESH:D002744
DB01115	C:MESH:D009543
DB01116	C:MESH:D014294
DB01117	C:MESH:D053626
DB01118	C:MESH:D000638
DB01119	C:MESH:D003981
DB01120	C:MESH:D005907
DB01121	C:MESH:C005396
DB01123	C:MESH:D011370
DB01124	C:MESH:D014044
DB01127	C:MESH:D004464
DB01128	C:MESH:C053541
DB01129	C:MESH:D064750
DB01130	C:MESH:C035287
DB01131	C:MESH:D002727
DB01133	C:MESH:C058651
DB01134	C:MESH:C019323
DB01135	C:MESH:C049429
DB01138	C:MESH:D013442
DB01139	C:MESH:D002514
DB01142	C:MESH:D004316
DB01144	C:MESH:D004005
DB01145	C:MESH:C036115
DB01146	C:MESH:C009871
DB01147	C:MESH:D003023
DB01148	C:MESH:D005422
DB01149	C:MESH:C051752
DB01151	C:MESH:D003891
DB01152	C:MESH:D002174
DB01153	C:MESH:C061131
DB01154	C:MESH:D013840
DB01156	C:MESH:D016642
DB01157	C:MESH:D016597
DB01158	C:MESH:C045166
DB01159	C:MESH:D006221
DB01161	C:MESH:C004616
DB01162	C:MESH:C041226
DB01163	C:MESH:D000560
DB01165	C:MESH:D015242
DB01167	C:MESH:D017964
DB01168	C:MESH:D011344
DB01170	C:MESH:D006145
DB01171	C:MESH:D020912
DB01172	C:MESH:D007612
DB01173	C:MESH:D009966
DB01174	C:MESH:D010634
DB01176	C:MESH:D003501
DB01177	C:MESH:D015255
DB01178	C:MESH:D002720
DB01179	C:MESH:D011034
DB01180	C:MESH:C084826
DB01181	C:MESH:D007069
DB01182	C:MESH:D011405
DB01183	C:MESH:D009270
DB01184	C:MESH:D004294
DB01185	C:MESH:D005474
DB01186	C:MESH:D010479
DB01187	C:MESH:D007481
DB01190	C:MESH:D002981
DB01191	C:MESH:D020372
DB01192	C:MESH:D010111
DB01193	C:MESH:D000070
DB01194	C:MESH:C111827
DB01195	C:MESH:D005424
DB01196	C:MESH:D004961
DB01198	C:MESH:C515050
DB01199	C:MESH:D014403
DB01200	C:MESH:D001971
DB01201	C:MESH:C018421
DB01203	C:MESH:D009248
DB01204	C:MESH:D008942
DB01205	C:MESH:D005442
DB01206	C:MESH:D008130
DB01207	C:MESH:C060219
DB01208	C:MESH:C061363
DB01209	C:MESH:C010827
DB01210	C:MESH:D002040
DB01211	C:MESH:D017291
DB01212	C:MESH:D002443
DB01214	C:MESH:D014290
DB01215	C:MESH:D004949
DB01216	C:MESH:D018120
DB01218	C:MESH:C023768
DB01219	C:MESH:D003620
DB01221	C:MESH:D007649
DB01222	C:MESH:D019819
DB01223	C:MESH:D000628
DB01228	C:MESH:D016700
DB01229	C:MESH:D017239
DB01230	C:MESH:D010389
DB01231	C:MESH:C004858
DB01232	C:MESH:D019258
DB01233	C:MESH:D008787
DB01234	C:MESH:D003907
DB01235	C:MESH:D007980
DB01239	C:MESH:D002749
DB01240	C:MESH:D011464
DB01241	C:MESH:D015248
DB01242	C:MESH:D002997
DB01243	C:MESH:C004357
DB01244	C:MESH:D015764
DB01245	C:MESH:C033019
DB01246	C:MESH:D014291
DB01247	C:MESH:D007520
DB01249	C:MESH:C044834
DB01250	C:MESH:C032587
DB01251	C:MESH:C010969
DB01252	C:MESH:C087255
DB01253	C:MESH:D004874
DB01256	C:MESH:C508887
DB01260	C:MESH:D003898
DB01263	C:MESH:C101425
DB01266	C:MESH:C472086
DB01275	C:MESH:D006830
DB01278	C:MESH:C105254
DB01280	C:MESH:C104457
DB01282	C:MESH:C020731
DB01283	C:MESH:C473384
DB01284	C:MESH:D003366
DB01288	C:MESH:D005280
DB01289	C:MESH:C100171
DB01291	C:MESH:C009118
DB01294	C:MESH:C015715
DB01295	C:MESH:C021148
DB01296	C:MESH:D005944
DB01297	C:MESH:D011217
DB01298	C:MESH:C100141
DB01299	C:MESH:D013413
DB01301	C:MESH:D012382
DB01303	C:MESH:C012839
DB01319	C:MESH:C426859
DB01320	C:MESH:C043114
DB01321	C:MESH:D015570
DB01324	C:MESH:D011139
DB01325	C:MESH:C050700
DB01326	C:MESH:D002435
DB01327	C:MESH:D002437
DB01328	C:MESH:D015790
DB01329	C:MESH:D002438
DB01330	C:MESH:D015313
DB01331	C:MESH:D002440
DB01332	C:MESH:D015296
DB01336	C:MESH:C032943
DB01337	C:MESH:D010197
DB01338	C:MESH:D017300
DB01342	C:MESH:C084927
DB01344	C:MESH:C077114
DB01348	C:MESH:C052555
DB01349	C:MESH:C086167
DB01351	C:MESH:D000654
DB01353	C:MESH:C027712
DB01354	C:MESH:C084640
DB01355	C:MESH:D006591
DB01357	C:MESH:D008656
DB01359	C:MESH:D010394
DB01362	C:MESH:D007472
DB01364	C:MESH:D004809
DB01365	C:MESH:D008616
DB01366	C:MESH:D017265
DB01367	C:MESH:C031967
DB01369	C:MESH:C113825
DB01370	C:MESH:D000535
DB01373	C:MESH:D002118
DB01377	C:MESH:D008277
DB01381	C:MESH:C063170
DB01382	C:MESH:C073263
DB01384	C:MESH:D010248
DB01388	C:MESH:D020748
DB01390	C:MESH:D017693
DB01392	C:MESH:D015016
DB01393	C:MESH:D001629
DB01394	C:MESH:D003078
DB01395	C:MESH:C035144
DB01396	C:MESH:D004074
DB01399	C:MESH:C014182
DB01400	C:MESH:D009388
DB01401	C:MESH:C017959
DB01403	C:MESH:D008728
DB01405	C:MESH:C054745
DB01406	C:MESH:D003613
DB01407	C:MESH:D002976
DB01408	C:MESH:C047766
DB01410	C:MESH:C120481
DB01411	C:MESH:C047681
DB01412	C:MESH:D013805
DB01414	C:MESH:D002505
DB01416	C:MESH:C053268
DB01418	C:MESH:D000074
DB01419	C:MESH:C017014
DB01420	C:MESH:D043343
DB01421	C:MESH:D010303
DB01422	C:MESH:C005308
DB01424	C:MESH:D000632
DB01425	C:MESH:C033968
DB01426	C:MESH:D000404
DB01427	C:MESH:D000676
DB01428	C:MESH:C005290
DB01429	C:MESH:D001073
DB01430	C:MESH:D015765
DB01431	C:MESH:D000500
DB01433	C:MESH:D008692
DB01434	C:MESH:C002828
DB01435	C:MESH:D000983
DB01436	C:MESH:C008088
DB01437	C:MESH:D005984
DB01438	C:MESH:D010621
DB01440	C:MESH:C111420
DB01442	C:MESH:C008534
DB01445	C:MESH:D002027
DB01447	C:MESH:C000081
DB01450	C:MESH:C034765
DB01452	C:MESH:D003932
DB01454	C:MESH:D018817
DB01456	C:MESH:C003528
DB01459	C:MESH:C004461
DB01462	C:MESH:C084835
DB01463	C:MESH:C020900
DB01466	C:MESH:D005036
DB01472	C:MESH:C100230
DB01476	C:MESH:C018779
DB01478	C:MESH:C026733
DB01482	C:MESH:C004518
DB01483	C:MESH:D001462
DB01484	C:MESH:C003943
DB01485	C:MESH:C032278
DB01488	C:MESH:D004130
DB01490	C:MESH:D000635
DB01491	C:MESH:C007527
DB01493	C:MESH:D005032
DB01495	C:MESH:C007333
DB01497	C:MESH:D005048
DB01506	C:MESH:C037320
DB01509	C:MESH:D015104
DB01511	C:MESH:C013434
DB01514	C:MESH:C005025
DB01515	C:MESH:C005618
DB01520	C:MESH:C012058
DB01521	C:MESH:C076775
DB01524	C:MESH:D015114
DB01525	C:MESH:C005617
DB01528	C:MESH:D004290
DB01529	C:MESH:D003916
DB01531	C:MESH:C000599494
DB01535	C:MESH:C017114
DB01536	C:MESH:D000735
DB01537	C:MESH:C079321
DB01541	C:MESH:C013915
DB01544	C:MESH:D005445
DB01545	C:MESH:C029617
DB01546	C:MESH:C038034
DB01547	C:MESH:C001387
DB01548	C:MESH:D004174
DB01550	C:MESH:C026013
DB01551	C:MESH:C014481
DB01553	C:MESH:C005522
DB01556	C:MESH:D002745
DB01557	C:MESH:C031638
DB01558	C:MESH:D001960
DB01559	C:MESH:C084599
DB01560	C:MESH:C023665
DB01563	C:MESH:D002697
DB01564	C:MESH:C073055
DB01565	C:MESH:D004090
DB01566	C:MESH:C051800
DB01569	C:MESH:C002846
DB01570	C:MESH:C037016
DB01571	C:MESH:C030592
DB01574	C:MESH:C026325
DB01575	C:MESH:D007616
DB01576	C:MESH:D003913
DB01577	C:MESH:D008694
DB01578	C:MESH:D008793
DB01579	C:MESH:C100294
DB01580	C:MESH:D010096
DB01581	C:MESH:D013416
DB01582	C:MESH:D013418
DB01586	C:MESH:D014580
DB01587	C:MESH:C002072
DB01588	C:MESH:D011222
DB01589	C:MESH:C025130
DB01592	C:MESH:D007501
DB01593	C:MESH:D015032
DB01595	C:MESH:D009567
DB01597	C:MESH:D015377
DB01599	C:MESH:D011341
DB01600	C:MESH:C021270
DB01601	C:MESH:D061466
DB01602	C:MESH:C011674
DB01603	C:MESH:D008712
DB01604	C:MESH:D010917
DB01605	C:MESH:D000561
DB01607	C:MESH:D013982
DB01608	C:MESH:C084584
DB01611	C:MESH:D006886
DB01612	C:MESH:D000680
DB01613	C:MESH:D004897
DB01614	C:MESH:D000075
DB01616	C:MESH:C010846
DB01618	C:MESH:D008972
DB01619	C:MESH:C005430
DB01620	C:MESH:D010632
DB01621	C:MESH:C084783
DB01622	C:MESH:C084825
DB01623	C:MESH:D013888
DB01626	C:MESH:D010293
DB01627	C:MESH:D008034
DB01629	C:MESH:C001943
DB01638	C:MESH:D013012
DB01643	C:MESH:D013938
DB01645	C:MESH:D019833
DB01652	C:MESH:C058482
DB01656	C:MESH:C424423
DB01667	C:MESH:D001375
DB01670	C:MESH:C026498
DB01672	C:MESH:C009135|MESH:C492493
DB01675	C:MESH:C035909
DB01676	C:MESH:D014303
DB01677	C:MESH:C032005
DB01681	C:MESH:C015339
DB01683	C:MESH:C002101
DB01685	C:MESH:C504882
DB01688	C:MESH:C032538
DB01692	C:MESH:D004226
DB01695	C:MESH:C081704
DB01698	C:MESH:D012431
DB01700	C:MESH:C031143
DB01701	C:MESH:C004765
DB01702	C:MESH:D015102
DB01708	C:MESH:D003687
DB01713	C:MESH:D014540
DB01726	C:MESH:C027667
DB01727	C:MESH:C034219
DB01738	C:MESH:C005448
DB01747	C:MESH:C010896
DB01749	C:MESH:C024683
DB01750	C:MESH:C034182
DB01751	C:MESH:C011126
DB01752	C:MESH:D012435
DB01758	C:MESH:D007470
DB01759	C:MESH:C011890
DB01760	C:MESH:C024267
DB01762	C:MESH:C016635
DB01763	C:MESH:C495284
DB01764	C:MESH:C113826
DB01768	C:MESH:C021224
DB01775	C:MESH:D004098
DB01776	C:MESH:C042041
DB01779	C:MESH:C031463
DB01780	C:MESH:C007808
DB01782	C:MESH:C432165
DB01783	C:MESH:D010205
DB01785	C:MESH:C043060
DB01791	C:MESH:C087566
DB01795	C:MESH:C010686
DB01796	C:MESH:D017378
DB01800	C:MESH:C021228
DB01811	C:MESH:C033871
DB01816	C:MESH:C037806
DB01826	C:MESH:C002990
DB01828	C:MESH:C027451
DB01839	C:MESH:D019946
DB01844	C:MESH:D004126
DB01849	C:MESH:C007419
DB01851	C:MESH:C009405
DB01852	C:MESH:C006552
DB01861	C:MESH:D014532
DB01862	C:MESH:D007544
DB01864	C:MESH:D016244
DB01873	C:MESH:C114026
DB01874	C:MESH:C016808
DB01878	C:MESH:C047723
DB01880	C:MESH:C040048
DB01892	C:MESH:C001654
DB01901	C:MESH:C053081
DB01909	C:MESH:C032613
DB01910	C:MESH:C006235
DB01917	C:MESH:D011700
DB01927	C:MESH:C034257
DB01931	C:MESH:C066192
DB01933	C:MESH:C054852
DB01937	C:MESH:C026693
DB01941	C:MESH:C095104
DB01942	C:MESH:C030544
DB01946	C:MESH:C064755
DB01950	C:MESH:C479831
DB01952	C:MESH:C004981
DB01954	C:MESH:D020889
DB01955	C:MESH:C039681
DB01956	C:MESH:D013654
DB01957	C:MESH:C030682
DB01960	C:MESH:C111106
DB01963	C:MESH:C037240
DB01971	C:MESH:D014560
DB01972	C:MESH:D006157
DB01987	C:MESH:D013835
DB01990	C:MESH:C007045
DB01992	C:MESH:D003065
DB01996	C:MESH:C053603
DB02010	C:MESH:D019311
DB02015	C:MESH:C010920
DB02016	C:MESH:C105726
DB02020	C:MESH:C016212
DB02021	C:MESH:C077139
DB02022	C:MESH:C012068
DB02024	C:MESH:C035253
DB02034	C:MESH:D017026
DB02045	C:MESH:C005264
DB02053	C:MESH:C031524
DB02055	C:MESH:C065565
DB02056	C:MESH:D015230
DB02060	C:MESH:C036468
DB02073	C:MESH:D001664
DB02074	C:MESH:C569473
DB02076	C:MESH:C008884
DB02079	C:MESH:D000625
DB02082	C:MESH:D006165
DB02083	C:MESH:C025138
DB02092	C:MESH:C021976
DB02095	C:MESH:D007510
DB02097	C:MESH:D003562
DB02105	C:MESH:C057726
DB02113	C:MESH:C016588
DB02115	C:MESH:C013908
DB02116	C:MESH:C090046
DB02120	C:MESH:C030791
DB02123	C:MESH:D005999
DB02127	C:MESH:C023477
DB02129	C:MESH:C004768
DB02130	C:MESH:D014641
DB02132	C:MESH:C064920
DB02134	C:MESH:D019820
DB02137	C:MESH:C022261
DB02145	C:MESH:D020001
DB02152	C:MESH:C049985
DB02166	C:MESH:D011419
DB02169	C:MESH:D019319
DB02175	C:MESH:C030290
DB02178	C:MESH:C013192
DB02180	C:MESH:C040349
DB02181	C:MESH:C029603
DB02192	C:MESH:D010626
DB02203	C:MESH:C010833
DB02207	C:MESH:C080122
DB02209	C:MESH:C024593
DB02216	C:MESH:C008425
DB02224	C:MESH:C003377
DB02232	C:MESH:C034221
DB02234	C:MESH:C007687
DB02237	C:MESH:C009819
DB02239	C:MESH:C032246
DB02249	C:MESH:C021296
DB02251	C:MESH:C013691
DB02252	C:MESH:C031905
DB02255	C:MESH:C119203
DB02256	C:MESH:D003857
DB02261	C:MESH:C037145
DB02262	C:MESH:D009963
DB02263	C:MESH:D005986
DB02266	C:MESH:D005439
DB02272	C:MESH:D011162
DB02273	C:MESH:C542861
DB02281	C:MESH:C034550
DB02282	C:MESH:C008500
DB02285	C:MESH:C028025
DB02289	C:MESH:C019249
DB02292	C:MESH:C520511
DB02296	C:MESH:C029683
DB02300	C:MESH:C055085
DB02304	C:MESH:C042026
DB02315	C:MESH:D006152
DB02317	C:MESH:C029973
DB02320	C:MESH:C098108
DB02325	C:MESH:D019840
DB02327	C:MESH:C028914
DB02329	C:MESH:D002229
DB02345	C:MESH:D017279
DB02348	C:MESH:C012980
DB02362	C:MESH:D010129
DB02365	C:MESH:C025205
DB02371	C:MESH:C004551
DB02375	C:MESH:C040015
DB02377	C:MESH:D006147
DB02380	C:MESH:C012271
DB02383	C:MESH:C040550
DB02405	C:MESH:C034879
DB02406	C:MESH:C038780
DB02414	C:MESH:C015924
DB02417	C:MESH:C004554
DB02424	C:MESH:C001277
DB02426	C:MESH:C003853
DB02428	C:MESH:C008898
DB02430	C:MESH:C082722
DB02431	C:MESH:D003570
DB02452	C:MESH:C024157
DB02456	C:MESH:C024888
DB02458	C:MESH:C030190
DB02459	C:MESH:C023856
DB02464	C:MESH:C030796
DB02509	C:MESH:D005204
DB02513	C:MESH:D013943
DB02514	C:MESH:C007233
DB02520	C:MESH:D004050
DB02527	C:MESH:D000242
DB02530	C:MESH:D005680
DB02531	C:MESH:C020380
DB02534	C:MESH:C099328
DB02557	C:MESH:C008890
DB02568	C:MESH:C104194
DB02571	C:MESH:C000061
DB02576	C:MESH:C008544
DB02579	C:MESH:C036658
DB02587	C:MESH:D005576
DB02594	C:MESH:D003841
DB02596	C:MESH:C002630
DB02600	C:MESH:C535162
DB02601	C:MESH:C023010
DB02621	C:MESH:C037067
DB02624	C:MESH:C088386
DB02630	C:MESH:C064260
DB02632	C:MESH:C059200
DB02640	C:MESH:C026211
DB02649	C:MESH:C013098
DB02650	C:MESH:C021100
DB02654	C:MESH:C052277
DB02656	C:MESH:C085911
DB02657	C:MESH:C001293
DB02659	C:MESH:D019826
DB02663	C:MESH:C003121
DB02671	C:MESH:C018100
DB02679	C:MESH:D003484
DB02680	C:MESH:C017906
DB02688	C:MESH:C015102
DB02691	C:MESH:D006000
DB02699	C:MESH:C041819
DB02701	C:MESH:D009536
DB02703	C:MESH:D005672
DB02712	C:MESH:C026411
DB02721	C:MESH:C010201
DB02726	C:MESH:C013193
DB02736	C:MESH:C030686
DB02740	C:MESH:C014612
DB02742	C:MESH:C065629
DB02745	C:MESH:D014529
DB02746	C:MESH:C032279
DB02749	C:MESH:C012018
DB02751	C:MESH:C004946
DB02757	C:MESH:C031280
DB02761	C:MESH:C116840
DB02772	C:MESH:D013395
DB02774	C:MESH:C041787
DB02779	C:MESH:C022806
DB02789	C:MESH:D011284
DB02793	C:MESH:C052985
DB02796	C:MESH:C048839
DB02806	C:MESH:C005219
DB02821	C:MESH:C001926
DB02823	C:MESH:D010746
DB02832	C:MESH:C009272
DB02835	C:MESH:C016473
DB02839	C:MESH:C017704
DB02843	C:MESH:C031590
DB02844	C:MESH:C027548
DB02852	C:MESH:C012301
DB02854	C:MESH:D005043
DB02855	C:MESH:C068250
DB02857	C:MESH:D006151
DB02859	C:MESH:C086151
DB02860	C:MESH:C059041
DB02877	C:MESH:C038864
DB02891	C:MESH:C041191
DB02896	C:MESH:D008778
DB02901	C:MESH:D013196
DB02912	C:MESH:C009061
DB02914	C:MESH:C031469
DB02918	C:MESH:C066436
DB02925	C:MESH:C015451
DB02930	C:MESH:C022571
DB02948	C:MESH:C024640
DB02951	C:MESH:C012375
DB02952	C:MESH:C100049
DB02955	C:MESH:C030521
DB02961	C:MESH:D012210
DB02962	C:MESH:C031000
DB02967	C:MESH:D005033
DB02969	C:MESH:C012572
DB02975	C:MESH:C068122
DB02994	C:MESH:D002101
DB02998	C:MESH:D015741
DB02999	C:MESH:D016318
DB03001	C:MESH:C016040
DB03002	C:MESH:C050181
DB03006	C:MESH:D001147
DB03010	C:MESH:C093788
DB03017	C:MESH:C030358
DB03026	C:MESH:C008886
DB03040	C:MESH:D009571
DB03041	C:MESH:D014535
DB03052	C:MESH:C029166
DB03054	C:MESH:C015044
DB03057	C:MESH:D008315
DB03059	C:MESH:C010667
DB03068	C:MESH:C009131
DB03073	C:MESH:C025159
DB03085	C:MESH:C031149
DB03088	C:MESH:D011761
DB03095	C:MESH:C027917
DB03106	C:MESH:C009217
DB03107	C:MESH:D015091
DB03110	C:MESH:C030683
DB03120	C:MESH:C029501
DB03127	C:MESH:C032157
DB03128	C:MESH:D000109
DB03138	C:MESH:C494474
DB03143	C:MESH:C014713
DB03147	C:MESH:D005182
DB03148	C:MESH:C523965
DB03166	C:MESH:D019342
DB03172	C:MESH:D014372
DB03175	C:MESH:D000433
DB03193	C:MESH:C031183
DB03197	C:MESH:C013044
DB03203	C:MESH:D013110
DB03205	C:MESH:D045542
DB03206	C:MESH:D017485
DB03209	C:MESH:D010094
DB03222	C:MESH:C026600
DB03226	C:MESH:D014270
DB03247	C:MESH:D005486
DB03255	C:MESH:D019800
DB03258	C:MESH:C024107
DB03260	C:MESH:C007297
DB03266	C:MESH:D005976
DB03285	C:MESH:C040920
DB03297	C:MESH:C035617
DB03310	C:MESH:D019803
DB03312	C:MESH:C020235
DB03313	C:MESH:C025163
DB03316	C:MESH:C025223
DB03317	C:MESH:C031690
DB03323	C:MESH:D008320
DB03345	C:MESH:D008623
DB03348	C:MESH:C053016
DB03353	C:MESH:C028072
DB03366	C:MESH:C029899
DB03374	C:MESH:D004105
DB03381	C:MESH:C001647
DB03383	C:MESH:C412544
DB03385	C:MESH:C023439
DB03395	C:MESH:C056622
DB03401	C:MESH:D015544
DB03403	C:MESH:D003568
DB03404	C:MESH:D006427
DB03407	C:MESH:C001833
DB03408	C:MESH:C017341
DB03410	C:MESH:C068805
DB03419	C:MESH:D014498
DB03434	C:MESH:C008550
DB03435	C:MESH:D014530
DB03459	C:MESH:C013195
DB03460	C:MESH:C005613
DB03461	C:MESH:D009249
DB03462	C:MESH:D013941
DB03467	C:MESH:C005273
DB03496	C:MESH:C077990
DB03501	C:MESH:D014531
DB03515	C:MESH:D004855
DB03516	C:MESH:C073482
DB03518	C:MESH:D008798
DB03523	C:MESH:C046943
DB03548	C:MESH:C120356
DB03553	C:MESH:C035736
DB03554	C:MESH:C048747
DB03560	C:MESH:C011483
DB03566	C:MESH:D013095
DB03568	C:MESH:D020148
DB03575	C:MESH:D010622
DB03581	C:MESH:D019298
DB03587	C:MESH:D011765
DB03589	C:MESH:C008375
DB03600	C:MESH:C031071
DB03601	C:MESH:C083152
DB03603	C:MESH:D005937
DB03604	C:MESH:C010642
DB03608	C:MESH:D004133
DB03614	C:MESH:C019476
DB03615	C:MESH:D012271
DB03619	C:MESH:D003840
DB03627	C:MESH:D000218
DB03635	C:MESH:C002634
DB03636	C:MESH:C018556
DB03644	C:MESH:D015095
DB03651	C:MESH:C005858
DB03659	C:MESH:C032462
DB03666	C:MESH:C057287
DB03671	C:MESH:D004076
DB03685	C:MESH:D014542
DB03688	C:MESH:C031601
DB03694	C:MESH:D010670
DB03695	C:MESH:C024530
DB03696	C:MESH:D007810
DB03699	C:MESH:C012046
DB03701	C:MESH:C043425
DB03704	C:MESH:C031263
DB03708	C:MESH:D000250
DB03733	C:MESH:C024565
DB03750	C:MESH:C008216
DB03754	C:MESH:D014325
DB03758	C:MESH:C035359
DB03759	C:MESH:C056723
DB03761	C:MESH:D005468
DB03766	C:MESH:C029658
DB03769	C:MESH:C100029
DB03775	C:MESH:C004749
DB03776	C:MESH:C014634
DB03777	C:MESH:C070515
DB03783	C:MESH:D010615
DB03792	C:MESH:C011166
DB03793	C:MESH:D019817
DB03796	C:MESH:D019308
DB03798	C:MESH:D003843
DB03800	C:MESH:C007267
DB03808	C:MESH:C018961
DB03819	C:MESH:C005703
DB03843	C:MESH:D005557
DB03849	C:MESH:C433247
DB03854	C:MESH:D002103
DB03860	C:MESH:C051781
DB03864	C:MESH:C009465
DB03880	C:MESH:C080985
DB03884	C:MESH:C031606
DB03896	C:MESH:C005692
DB03897	C:MESH:C008869
DB03900	C:MESH:D020002
DB03902	C:MESH:D019815
DB03904	C:MESH:D014508
DB03912	C:MESH:C003129
DB03940	C:MESH:D010072
DB03946	C:MESH:C009091
DB03966	C:MESH:C006260
DB03967	C:MESH:C028913
DB03991	C:MESH:C036137
DB03994	C:MESH:D019856
DB03995	C:MESH:C031215
DB04005	C:MESH:D014544
DB04017	C:MESH:D003010
DB04038	C:MESH:D004875
DB04066	C:MESH:C495469
DB04074	C:MESH:C001505
DB04076	C:MESH:D019271
DB04092	C:MESH:C097277
DB04104	C:MESH:C025946
DB04106	C:MESH:C054368
DB04115	C:MESH:D001599
DB04116	C:MESH:C001970
DB04120	C:MESH:C018599
DB04124	C:MESH:D000899
DB04132	C:MESH:C033550
DB04137	C:MESH:D006160
DB04145	C:MESH:D009540
DB04147	C:MESH:C014518
DB04160	C:MESH:C107241
DB04161	C:MESH:C034666
DB04165	C:MESH:C004651
DB04166	C:MESH:C031385
DB04168	C:MESH:C033560
DB04179	C:MESH:C105430
DB04183	C:MESH:D008764
DB04196	C:MESH:C005584
DB04200	C:MESH:C068935
DB04209	C:MESH:D003868
DB04214	C:MESH:C008644
DB04216	C:MESH:D011794
DB04221	C:MESH:C027118
DB04222	C:MESH:D013033
DB04224	C:MESH:C011459
DB04242	C:MESH:C038193
DB04253	C:MESH:C100099
DB04257	C:MESH:C008757
DB04258	C:MESH:C078903
DB04261	C:MESH:C070766
DB04263	C:MESH:C010680
DB04267	C:MESH:C004860
DB04275	C:MESH:C006389
DB04297	C:MESH:C012589
DB04299	C:MESH:C030272
DB04302	C:MESH:C035068
DB04310	C:MESH:C010531
DB04315	C:MESH:D006153
DB04325	C:MESH:C029261
DB04326	C:MESH:D004099
DB04329	C:MESH:C039109
DB04331	C:MESH:C400223
DB04333	C:MESH:C008697
DB04334	C:MESH:C067626
DB04335	C:MESH:D007288
DB04339	C:MESH:D002233
DB04343	C:MESH:C031150
DB04345	C:MESH:C001559
DB04348	C:MESH:D013656
DB04356	C:MESH:C076777
DB04365	C:MESH:D001115
DB04367	C:MESH:C097660
DB04370	C:MESH:C011119
DB04377	C:MESH:D015093
DB04400	C:MESH:C017226
DB04417	C:MESH:C024836
DB04418	C:MESH:C052755
DB04422	C:MESH:D006710
DB04440	C:MESH:C005248
DB04444	C:MESH:C050992
DB04447	C:MESH:D004229
DB04452	C:MESH:C010850
DB04456	C:MESH:C032793
DB04457	C:MESH:C007257
DB04474	C:MESH:C027132
DB04481	C:MESH:D004896
DB04485	C:MESH:D013936
DB04489	C:MESH:C022014
DB04506	C:MESH:C037184
DB04510	C:MESH:C005156
DB04512	C:MESH:C034376
DB04519	C:MESH:C031492
DB04524	C:MESH:D008316
DB04528	C:MESH:D019297
DB04532	C:MESH:C030374
DB04534	C:MESH:C530840
DB04539	C:MESH:C010974
DB04540	C:MESH:D002784
DB04546	C:MESH:C018258
DB04552	C:MESH:D009544
DB04553	C:MESH:C005087
DB04555	C:MESH:D003565
DB04557	C:MESH:D016718
DB04562	C:MESH:C028021
DB04564	C:MESH:C010730
DB04566	C:MESH:D007291
DB04570	C:MESH:D009070
DB04571	C:MESH:D014307
DB04572	C:MESH:D013852
DB04573	C:MESH:D004964
DB04574	C:MESH:C017296
DB04575	C:MESH:D011800
DB04576	C:MESH:D016576
DB04580	C:MESH:C538772
DB04581	C:MESH:C017062
DB04582	C:MESH:C057728
DB04586	C:MESH:C032038
DB04599	C:MESH:C036466
DB04604	C:MESH:C034214
DB04619	C:MESH:C038699
DB04620	C:MESH:D003515
DB04626	C:MESH:C011666
DB04628	C:MESH:C054851
DB04630	C:MESH:D000450
DB04631	C:MESH:C058278
DB04638	C:MESH:C019359
DB04640	C:MESH:C056940
DB04652	C:MESH:D003345
DB04655	C:MESH:C006308
DB04657	C:MESH:D002261
DB04660	C:MESH:D005997
DB04665	C:MESH:C030123
DB04672	C:MESH:C045337
DB04674	C:MESH:C020891
DB04682	C:MESH:C010615
DB04688	C:MESH:C034524
DB04690	C:MESH:D002166
DB04699	C:MESH:D015107
DB04701	C:MESH:C017514
DB04703	C:MESH:D006569
DB04704	C:MESH:C025813
DB04705	C:MESH:C007997
DB04711	C:MESH:D007458
DB04725	C:MESH:C088092
DB04728	C:MESH:C100306
DB04734	C:MESH:C073341
DB04741	C:MESH:C030517
DB04743	C:MESH:C012655
DB04744	C:MESH:C005090
DB04745	C:MESH:C010064
DB04785	C:MESH:C100307
DB04786	C:MESH:D013498
DB04789	C:MESH:C005984
DB04794	C:MESH:C036596
DB04795	C:MESH:D013804
DB04796	C:MESH:C409043
DB04801	C:MESH:C065593
DB04808	C:MESH:C488396
DB04812	C:MESH:C011677
DB04813	C:MESH:D001735
DB04815	C:MESH:D007464
DB04816	C:MESH:C004315
DB04818	C:MESH:D007490
DB04819	C:MESH:D008701
DB04820	C:MESH:D009526
DB04821	C:MESH:D009627
DB04824	C:MESH:D020113
DB04825	C:MESH:D011299
DB04826	C:MESH:C005795
DB04827	C:MESH:D014520
DB04828	C:MESH:C020549
DB04829	C:MESH:D008238
DB04830	C:MESH:D002026
DB04831	C:MESH:D013989
DB04832	C:MESH:D015031
DB04833	C:MESH:D008702
DB04834	C:MESH:C082938
DB04836	C:MESH:C011597
DB04838	C:MESH:D003495
DB04839	C:MESH:D017373
DB04840	C:MESH:D003647
DB04841	C:MESH:D005444
DB04842	C:MESH:D005484
DB04843	C:MESH:C005101
DB04844	C:MESH:D013747
DB04845	C:MESH:C430592
DB04846	C:MESH:D017272
DB04849	C:MESH:C500926
DB04850	C:MESH:C453362
DB04851	C:MESH:C106077
DB04852	C:MESH:C443181
DB04853	C:MESH:C101949
DB04856	C:MESH:C103490
DB04857	C:MESH:C415103
DB04863	C:MESH:C107918
DB04864	C:MESH:C050426
DB04866	C:MESH:C010176
DB04867	C:MESH:C080460
DB04870	C:MESH:C108709
DB04871	C:MESH:C506658
DB04872	C:MESH:C091554
DB04875	C:MESH:C476331
DB04877	C:MESH:C005891
DB04878	C:MESH:C102817
DB04879	C:MESH:C404768
DB04880	C:MESH:D017335
DB04881	C:MESH:C083501
DB04882	C:MESH:C121395
DB04883	C:MESH:C107831
DB04884	C:MESH:C080598
DB04885	C:MESH:C084473
DB04886	C:MESH:C075959
DB04887	C:MESH:C512121
DB04888	C:MESH:C509981
DB04889	C:MESH:C034438
DB04890	C:MESH:C108476
DB04892	C:MESH:C092280
DB04894	C:MESH:C051458
DB04898	C:MESH:C426686
DB04903	C:MESH:C447412
DB04905	C:MESH:C043062
DB04908	C:MESH:C098107
DB04910	C:MESH:C011321
DB04911	C:MESH:C100708
DB04912	C:MESH:C055421
DB04915	C:MESH:C471183
DB04917	C:MESH:C053006
DB04918	C:MESH:C443755
DB04920	C:MESH:C118563
DB04924	C:MESH:C102254
DB04926	C:MESH:C114144
DB04930	C:MESH:D026023
DB04931	C:MESH:C027756
DB04933	C:MESH:C512420
DB04934	C:MESH:C068980
DB04936	C:MESH:C030192
DB04938	C:MESH:C119141
DB04941	C:MESH:C080461
DB04942	C:MESH:C061133
DB04944	C:MESH:C011651
DB04946	C:MESH:C081732
DB04948	C:MESH:C025655
DB04951	C:MESH:C093844
DB04952	C:MESH:C041438
DB04953	C:MESH:C101866
DB04954	C:MESH:C118601
DB04957	C:MESH:C086123
DB04960	C:MESH:C402769
DB04961	C:MESH:C074908
DB04967	C:MESH:D008154
DB04970	C:MESH:C075568
DB04971	C:MESH:C112329
DB04972	C:MESH:C107479
DB04974	C:MESH:C423866
DB04977	C:MESH:C098980
DB04996	C:MESH:C081294
DB05006	C:MESH:C460839
DB05015	C:MESH:C487081
DB05016	C:MESH:C515878
DB05018	C:MESH:C090092
DB05022	C:MESH:C037020
DB05025	C:MESH:C486387
DB05029	C:MESH:C040522
DB05034	C:MESH:C056452
DB05039	C:MESH:C510790
DB05057	C:MESH:C048498
DB05063	C:MESH:C429014
DB05076	C:MESH:D017313
DB05084	C:MESH:C000596789
DB05087	C:MESH:C105051
DB05088	C:MESH:C020809
DB05095	C:MESH:C493522
DB05100	C:MESH:C113282
DB05102	C:MESH:C118874
DB05103	C:MESH:C070441
DB05104	C:MESH:C092095
DB05105	C:MESH:C115201
DB05107	C:MESH:C032020
DB05123	C:MESH:C111024
DB05129	C:MESH:C049904
DB05134	C:MESH:C112765
DB05137	C:MESH:D008120
DB05152	C:MESH:C470586
DB05155	C:MESH:C432024
DB05197	C:MESH:C035032
DB05219	C:MESH:C543085
DB05229	C:MESH:C048081
DB05232	C:MESH:D013779
DB05239	C:MESH:C574276
DB05245	C:MESH:D012837
DB05246	C:MESH:C100286
DB05252	C:MESH:C416661
DB05253	C:MESH:C461063
DB05262	C:MESH:D010117
DB05265	C:MESH:C061681
DB05266	C:MESH:C038366
DB05271	C:MESH:C047508
DB05273	C:MESH:C061972
DB05288	C:MESH:C418047
DB05289	C:MESH:C505522
DB05294	C:MESH:C452423
DB05295	C:MESH:C547512
DB05297	C:MESH:C528070
DB05298	C:MESH:C108965
DB05299	C:MESH:C032808
DB05311	C:MESH:C511194
DB05316	C:MESH:C510793
DB05327	C:MESH:C115070
DB05332	C:MESH:C488777
DB05351	C:MESH:D064748
DB05374	C:MESH:C558237
DB05381	C:MESH:D006632
DB05382	C:MESH:D007455
DB05383	C:MESH:C004479
DB05389	C:MESH:C041955
DB05395	C:MESH:C076252
DB05399	C:MESH:C471047
DB05400	C:MESH:C078785
DB05409	C:MESH:C478738
DB05420	C:MESH:C512662
DB05421	C:MESH:C099414
DB05424	C:MESH:C420268
DB05442	C:MESH:C450000
DB05448	C:MESH:C412893
DB05458	C:MESH:C108326
DB05461	C:MESH:C400276
DB05463	C:MESH:C489630
DB05465	C:MESH:C464670
DB05475	C:MESH:C470075
DB05498	C:MESH:C466985
DB05500	C:MESH:C526922
DB05501	C:MESH:C494414
DB05511	C:MESH:C084956
DB05513	C:MESH:C099015
DB05514	C:MESH:C581134
DB05518	C:MESH:C502805
DB05519	C:MESH:C545283
DB05521	C:MESH:C486464
DB05524	C:MESH:C413879
DB05528	C:MESH:C524142
DB05532	C:MESH:C509651
DB05540	C:MESH:C000082
DB05541	C:MESH:C482793
DB05542	C:MESH:C517618
DB05562	C:MESH:C511631
DB05585	C:MESH:C522974
DB05590	C:MESH:C425888
DB05608	C:MESH:C488881
DB05624	C:MESH:C084350
DB05631	C:MESH:C114695
DB05633	C:MESH:C062053
DB05659	C:MESH:C528565
DB05660	C:MESH:C478085
DB05668	C:MESH:C027061
DB05676	C:MESH:C505730
DB05683	C:MESH:C049338
DB05708	C:MESH:C088936
DB05710	C:MESH:C451919
DB05719	C:MESH:C512195
DB05737	C:MESH:C545088
DB05767	C:MESH:C030419
DB05772	C:MESH:C534586
DB05786	C:MESH:C102714
DB05791	C:MESH:C003072
DB05792	C:MESH:C088447
DB05804	C:MESH:D019314
DB05812	C:MESH:C089740
DB05817	C:MESH:C483604
DB05861	C:MESH:C516109
DB05869	C:MESH:C046522
DB05871	C:MESH:C100668
DB05875	C:MESH:C062618
DB05932	C:MESH:C506648
DB05936	C:MESH:C518643
DB05974	C:MESH:C010561
DB05983	C:MESH:C445068
DB05984	C:MESH:C559019
DB05990	C:MESH:C464660
DB06013	C:MESH:C575867
DB06016	C:MESH:C533287
DB06021	C:MESH:C525087
DB06040	C:MESH:C544550
DB06083	C:MESH:C571829
DB06094	C:MESH:C000595177
DB06138	C:MESH:C074308
DB06144	C:MESH:C066304
DB06148	C:MESH:D008803
DB06149	C:MESH:D017334
DB06150	C:MESH:D013412
DB06151	C:MESH:D000111
DB06152	C:MESH:D009756
DB06153	C:MESH:D010918
DB06154	C:MESH:D010417
DB06156	C:MESH:C518479
DB06157	C:MESH:C468128
DB06159	C:MESH:C079905
DB06160	C:MESH:C419689
DB06169	C:MESH:C419187
DB06174	C:MESH:D009665
DB06176	C:MESH:C087123
DB06178	C:MESH:C085590
DB06179	C:MESH:C515055
DB06182	C:MESH:C514044
DB06185	C:MESH:C113101
DB06188	C:MESH:C508757
DB06190	C:MESH:C523977
DB06193	C:MESH:C086548
DB06196	C:MESH:C065679
DB06197	C:MESH:C496819
DB06198	C:MESH:C002854
DB06200	C:MESH:C059921
DB06201	C:MESH:C079703
DB06202	C:MESH:C111332
DB06203	C:MESH:C520853
DB06207	C:MESH:C095285
DB06210	C:MESH:C520809
DB06215	C:MESH:C065507
DB06216	C:MESH:C522667
DB06217	C:MESH:C524581
DB06218	C:MESH:C476828
DB06219	C:MESH:C469289
DB06224	C:MESH:C089753
DB06230	C:MESH:C038981
DB06233	C:MESH:C515074
DB06234	C:MESH:C400401
DB06235	C:MESH:C066668
DB06237	C:MESH:C553414
DB06240	C:MESH:C402343
DB06244	C:MESH:C114444
DB06245	C:MESH:C081981
DB06246	C:MESH:C025463
DB06248	C:MESH:C424425
DB06249	C:MESH:C115121
DB06250	C:MESH:C066783
DB06251	C:MESH:C419382
DB06258	C:MESH:C108730
DB06261	C:MESH:C419924
DB06262	C:MESH:D015103
DB06263	C:MESH:C055866
DB06264	C:MESH:D014049
DB06266	C:MESH:C016371
DB06267	C:MESH:C419664
DB06268	C:MESH:C106276
DB06271	C:MESH:C007858
DB06272	C:MESH:C051883
DB06276	C:MESH:C113281
DB06280	C:MESH:C472774
DB06281	C:MESH:C483909
DB06282	C:MESH:C472067
DB06283	C:MESH:C078452
DB06285	C:MESH:D019379
DB06287	C:MESH:C401859
DB06294	C:MESH:C569346
DB06295	C:MESH:C482452
DB06306	C:MESH:C552103
DB06311	C:MESH:C529040
DB06328	C:MESH:C005214
DB06331	C:MESH:C104744
DB06334	C:MESH:C547816
DB06342	C:MESH:C569646
DB06350	C:MESH:C549473
DB06358	C:MESH:C486448
DB06362	C:MESH:C093269
DB06365	C:MESH:C117959
DB06367	C:MESH:C509706
DB06379	C:MESH:D015740
DB06393	C:MESH:C462299
DB06397	C:MESH:C042625
DB06401	C:MESH:C447119
DB06402	C:MESH:C487637
DB06403	C:MESH:C467894
DB06405	C:MESH:C520274
DB06406	C:MESH:C479958
DB06408	C:MESH:C026956
DB06409	C:MESH:C035349
DB06410	C:MESH:C042533
DB06412	C:MESH:D010110
DB06414	C:MESH:C451734
DB06419	C:MESH:C405499
DB06420	C:MESH:C080315
DB06421	C:MESH:C072799
DB06429	C:MESH:C106716
DB06431	C:MESH:C001202
DB06435	C:MESH:C118031
DB06436	C:MESH:C116890
DB06439	C:MESH:C016811
DB06440	C:MESH:C104066
DB06441	C:MESH:C117446
DB06442	C:MESH:C423185
DB06444	C:MESH:C062018
DB06445	C:MESH:C059685
DB06446	C:MESH:C083946
DB06447	C:MESH:C092845
DB06448	C:MESH:C115354
DB06451	C:MESH:C108494
DB06454	C:MESH:C443959
DB06455	C:MESH:C079087
DB06457	C:MESH:C106448
DB06458	C:MESH:C067553
DB06460	C:MESH:C098288
DB06461	C:MESH:C079655
DB06468	C:MESH:C093373
DB06469	C:MESH:C119379
DB06470	C:MESH:D002719
DB06478	C:MESH:D011160
DB06479	C:MESH:C032114
DB06480	C:MESH:C406662
DB06486	C:MESH:C504878
DB06495	C:MESH:C069521
DB06512	C:MESH:C060555
DB06515	C:MESH:C024353
DB06521	C:MESH:C498182
DB06525	C:MESH:C447079
DB06527	C:MESH:C001355
DB06529	C:MESH:C501948
DB06530	C:MESH:C402365
DB06532	C:MESH:C458513
DB06534	C:MESH:D013926
DB06536	C:MESH:C501413
DB06538	C:MESH:C108607
DB06543	C:MESH:C005948
DB06549	C:MESH:C089876
DB06554	C:MESH:C015542
DB06556	C:MESH:C502518
DB06558	C:MESH:C120582
DB06573	C:MESH:C422302
DB06575	C:MESH:C513295
DB06578	C:MESH:C118706
DB06580	C:MESH:C070715
DB06585	C:MESH:C480818
DB06586	C:MESH:C520092
DB06587	C:MESH:C103741
DB06588	C:MESH:C541821
DB06589	C:MESH:C516667
DB06590	C:MESH:C515501
DB06594	C:MESH:C084711
DB06595	C:MESH:C059539
DB06598	C:MESH:C455279
DB06600	C:MESH:C543520
DB06605	C:MESH:C522181
DB06608	C:MESH:C055852
DB06611	C:MESH:C577771
DB06616	C:MESH:C471992
DB06618	C:MESH:C101789
DB06619	C:MESH:C098393
DB06623	C:MESH:C034161
DB06624	C:MESH:C521311
DB06630	C:MESH:C530884
DB06633	C:MESH:C043410
DB06634	C:MESH:C531951
DB06635	C:MESH:C435830
DB06637	C:MESH:D015761
DB06640	C:MESH:C532124
DB06641	C:MESH:C105905
DB06645	C:MESH:C000593861
DB06649	C:MESH:C499681
DB06652	C:MESH:C486781
DB06654	C:MESH:C092797
DB06657	C:MESH:C108894
DB06660	C:MESH:C073839
DB06662	C:MESH:C094104
DB06663	C:MESH:C517782
DB06666	C:MESH:C409452
DB06670	C:MESH:C527128
DB06673	C:MESH:C519150
DB06677	C:MESH:C109641
DB06680	C:MESH:C488516
DB06682	C:MESH:C094069
DB06683	C:MESH:C034935
DB06685	C:MESH:C476223
DB06689	C:MESH:C033343
DB06690	C:MESH:D009609
DB06691	C:MESH:D011738
DB06693	C:MESH:C012258
DB06694	C:MESH:C009695
DB06696	C:MESH:C031986
DB06698	C:MESH:D001621
DB06702	C:MESH:C526675
DB06703	C:MESH:C090600
DB06704	C:MESH:D019797
DB06706	C:MESH:C008192
DB06710	C:MESH:D008777
DB06711	C:MESH:D009278
DB06712	C:MESH:C035100
DB06713	C:MESH:C449219
DB06714	C:MESH:C084814
DB06715	C:MESH:D011193
DB06716	C:MESH:C472965
DB06717	C:MESH:C579707
DB06718	C:MESH:D013197
DB06719	C:MESH:D002064
DB06723	C:MESH:D000536
DB06724	C:MESH:D002119
DB06725	C:MESH:C059451
DB06726	C:MESH:C010831
DB06727	C:MESH:D013034
DB06728	C:MESH:C023650
DB06729	C:MESH:D013426
DB06730	C:MESH:C033273
DB06732	C:MESH:D019324
DB06733	C:MESH:C040929
DB06735	C:MESH:D064695
DB06736	C:MESH:C056498
DB06737	C:MESH:C051758
DB06738	C:MESH:C012394
DB06739	C:MESH:C060230
DB06742	C:MESH:D000551
DB06743	C:MESH:C477042
DB06745	C:MESH:C058295
DB06746	C:MESH:C075228
DB06748	C:MESH:C048026
DB06749	C:MESH:C442759
DB06750	C:MESH:C035054
DB06751	C:MESH:C005317
DB06753	C:MESH:C004345
DB06754	C:MESH:C035838
DB06755	C:MESH:D019207
DB06756	C:MESH:D001622
DB06759	C:MESH:C091346
DB06763	C:MESH:D012504
DB06764	C:MESH:C005810
DB06766	C:MESH:C557708
DB06767	C:MESH:D000643
DB06770	C:MESH:D019905
DB06771	C:MESH:C522124
DB06772	C:MESH:C552428
DB06774	C:MESH:D002211
DB06777	C:MESH:D002635
DB06780	C:MESH:D064791
DB06781	C:MESH:C015808
DB06782	C:MESH:D004112
DB06783	C:MESH:C000170
DB06785	C:MESH:C061018
DB06786	C:MESH:D006206
DB06791	C:MESH:C060347
DB06795	C:MESH:D008272
DB06799	C:MESH:D008709
DB06800	C:MESH:C032257
DB06802	C:MESH:C414203
DB06803	C:MESH:D009534
DB06804	C:MESH:D017137
DB06810	C:MESH:D008926
DB06812	C:MESH:D011206
DB06814	C:MESH:C010312
DB06815	C:MESH:C008704
DB06816	C:MESH:C024631
DB06819	C:MESH:C075773
DB06820	C:MESH:C033308
DB06821	C:MESH:D013417
DB06823	C:MESH:D008625
DB06824	C:MESH:D014266
DB06827	C:MESH:D014756
DB06875	C:MESH:C501752
DB06894	C:MESH:D007851
DB06973	C:MESH:C006780
DB07050	C:MESH:D001574
DB07106	C:MESH:C024535
DB07109	C:MESH:C008180
DB07118	C:MESH:D006923
DB07138	C:MESH:C464966
DB07232	C:MESH:C521013
DB07301	C:MESH:C041514
DB07338	C:MESH:C018425
DB07340	C:MESH:C484369
DB07347	C:MESH:C002010
DB07348	C:MESH:D020126
DB07352	C:MESH:D047310
DB07373	C:MESH:C006573
DB07374	C:MESH:D000841
DB07392	C:MESH:D001280
DB07401	C:MESH:C087670
DB07402	C:MESH:D001032
DB07437	C:MESH:C034753
DB07485	C:MESH:C517113
DB07556	C:MESH:C115088
DB07558	C:MESH:C063261
DB07565	C:MESH:C026016
DB07610	C:MESH:C050642
DB07615	C:MESH:C012293
DB07645	C:MESH:C011107
DB07706	C:MESH:C001390
DB07715	C:MESH:D004642
DB07720	C:MESH:C082748
DB07726	C:MESH:C018855
DB07767	C:MESH:C004999
DB07768	C:MESH:D004845
DB07776	C:MESH:C043562
DB07780	C:MESH:C004808
DB07795	C:MESH:C017875
DB07810	C:MESH:D010693
DB07814	C:MESH:C007842
DB07885	C:MESH:C093110
DB07914	C:MESH:C018971
DB07918	C:MESH:C001333
DB07919	C:MESH:D006247
DB07931	C:MESH:D006589
DB07933	C:MESH:C000592024
DB07950	C:MESH:C030737
DB07954	C:MESH:D015056
DB07995	C:MESH:C063509
DB07996	C:MESH:D019307
DB08012	C:MESH:C074589
DB08040	C:MESH:C042591
DB08080	C:MESH:C037068
DB08162	C:MESH:C049347
DB08168	C:MESH:C028743
DB08188	C:MESH:C083858
DB08209	C:MESH:C008492
DB08215	C:MESH:C010347
DB08230	C:MESH:C469689
DB08231	C:MESH:D019814
DB08286	C:MESH:C018610
DB08313	C:MESH:D015739
DB08327	C:MESH:D006713
DB08329	C:MESH:C084593
DB08382	C:MESH:C558848
DB08398	C:MESH:C049584
DB08399	C:MESH:C041525
DB08407	C:MESH:C510909
DB08414	C:MESH:C111902
DB08427	C:MESH:C005550
DB08437	C:MESH:D011691
DB08439	C:MESH:C409945
DB08486	C:MESH:C067396
DB08502	C:MESH:C433874
DB08517	C:MESH:C099724
DB08550	C:MESH:C012153
DB08597	C:MESH:C516138
DB08601	C:MESH:C011559
DB08604	C:MESH:D014260
DB08620	C:MESH:C417209
DB08621	C:MESH:D013839
DB08626	C:MESH:D015244
DB08632	C:MESH:C069849
DB08639	C:MESH:C481671
DB08653	C:MESH:C030820
DB08660	C:MESH:C543211
DB08688	C:MESH:C526928
DB08690	C:MESH:C025204
DB08726	C:MESH:C045978
DB08772	C:MESH:C067172
DB08794	C:MESH:D005017
DB08795	C:MESH:C100243
DB08797	C:MESH:C031060
DB08798	C:MESH:D013423
DB08799	C:MESH:D000865
DB08800	C:MESH:C004664
DB08801	C:MESH:D004115
DB08802	C:MESH:C008214
DB08805	C:MESH:D008785
DB08806	C:MESH:C053742
DB08807	C:MESH:C036007
DB08808	C:MESH:D002046
DB08809	C:MESH:D003999
DB08810	C:MESH:C045316
DB08811	C:MESH:C012582
DB08814	C:MESH:C016167
DB08818	C:MESH:D006820
DB08820	C:MESH:C545203
DB08822	C:MESH:C557413
DB08823	C:MESH:C415329
DB08830	C:MESH:D003683
DB08831	C:MESH:D003847
DB08833	C:MESH:D013655
DB08834	C:MESH:C031655
DB08837	C:MESH:D019789
DB08838	C:MESH:D000376
DB08839	C:MESH:D012701
DB08840	C:MESH:C008472
DB08841	C:MESH:D014439
DB08842	C:MESH:D000108
DB08843	C:MESH:C059499
DB08844	C:MESH:D014527
DB08846	C:MESH:D004610
DB08855	C:MESH:D017997
DB08856	C:MESH:D016308
DB08860	C:MESH:C108475
DB08861	C:MESH:D020881
DB08862	C:MESH:D002766
DB08867	C:MESH:C094854
DB08869	C:MESH:C479538
DB08871	C:MESH:C490954
DB08875	C:MESH:C558660
DB08878	C:MESH:D000630
DB08880	C:MESH:C527525
DB08883	C:MESH:C551441
DB08887	C:MESH:C035276
DB08889	C:MESH:C524865
DB08890	C:MESH:C523483
DB08892	C:MESH:C543531
DB08893	C:MESH:C520025
DB08894	C:MESH:C556270
DB08895	C:MESH:C479163
DB08896	C:MESH:C559147
DB08900	C:MESH:C494910
DB08901	C:MESH:C545373
DB08903	C:MESH:C493870
DB08905	C:MESH:C014594
DB08906	C:MESH:C523187
DB08909	C:MESH:C570223
DB08910	C:MESH:C455278
DB08911	C:MESH:C560077
DB08912	C:MESH:C561627
DB08913	C:MESH:C581106
DB08915	C:MESH:C542437
DB08917	C:MESH:C522335
DB08922	C:MESH:C065533
DB08925	C:MESH:C022116
DB08927	C:MESH:C049058
DB08928	C:MESH:C546471
DB08930	C:MESH:C562325
DB08931	C:MESH:C542595
DB08932	C:MESH:C533860
DB08933	C:MESH:C112528
DB08936	C:MESH:C084597
DB08938	C:MESH:C016545
DB08941	C:MESH:D007556
DB08942	C:MESH:C013580
DB08943	C:MESH:C020382
DB08946	C:MESH:D007480
DB08947	C:MESH:D007479
DB08948	C:MESH:D007451
DB08949	C:MESH:C005193
DB08950	C:MESH:D007217
DB08951	C:MESH:D007216
DB08952	C:MESH:C002989
DB08953	C:MESH:C018181
DB08954	C:MESH:C010739
DB08956	C:MESH:C084598
DB08957	C:MESH:D006594
DB08958	C:MESH:D006590
DB08960	C:MESH:D018738
DB08961	C:MESH:C018222
DB08962	C:MESH:C073323
DB08964	C:MESH:C021182
DB08966	C:MESH:D005666
DB08967	C:MESH:C100113
DB08968	C:MESH:C073322
DB08969	C:MESH:D005481
DB08971	C:MESH:D005448
DB08972	C:MESH:C012976
DB08974	C:MESH:C018945
DB08976	C:MESH:C084600
DB08978	C:MESH:C100112
DB08979	C:MESH:C084775
DB08980	C:MESH:D005275
DB08981	C:MESH:C010725
DB08982	C:MESH:C015208
DB08983	C:MESH:C009746
DB08984	C:MESH:C015207
DB08985	C:MESH:D005039
DB08986	C:MESH:C002125
DB08987	C:MESH:D005041
DB08989	C:MESH:C100268
DB08990	C:MESH:C007608
DB08991	C:MESH:D004840
DB08992	C:MESH:C030848
DB08993	C:MESH:D004776
DB08994	C:MESH:C084774
DB08995	C:MESH:D004145
DB08996	C:MESH:C100110
DB08997	C:MESH:D003909
DB09000	C:MESH:C028457
DB09001	C:MESH:C011019
DB09002	C:MESH:C040282
DB09003	C:MESH:C000449
DB09004	C:MESH:C017135
DB09006	C:MESH:C006231
DB09007	C:MESH:C100100
DB09008	C:MESH:D002509
DB09009	C:MESH:D002355
DB09010	C:MESH:C017367
DB09011	C:MESH:C011676
DB09012	C:MESH:C073338
DB09013	C:MESH:C006034
DB09014	C:MESH:C495502
DB09015	C:MESH:D002191
DB09016	C:MESH:C100242
DB09017	C:MESH:C020960
DB09018	C:MESH:C013855
DB09019	C:MESH:D001964
DB09020	C:MESH:D001726
DB09021	C:MESH:C100247
DB09022	C:MESH:C001584
DB09023	C:MESH:D001535
DB09026	C:MESH:C446481
DB09027	C:MESH:C586541
DB09028	C:MESH:C004712
DB09030	C:MESH:C530299
DB09031	C:MESH:C039128
DB09034	C:MESH:C551624
DB09038	C:MESH:C570240
DB09039	C:MESH:C522917
DB09040	C:MESH:C431707
DB09041	C:MESH:C512998
DB09042	C:MESH:C515040
DB09043	C:MESH:C534611
DB09045	C:MESH:C555680
DB09046	C:MESH:C415771
DB09047	C:MESH:C560572
DB09049	C:MESH:C000589308
DB09050	C:MESH:C519491
DB09054	C:MESH:C552946
DB09055	C:MESH:C027696
DB09056	C:MESH:C038974
DB09059	C:MESH:C047046
DB09060	C:MESH:C543519
DB09061	C:MESH:D002185
DB09062	C:MESH:C046079
DB09063	C:MESH:C586847
DB09064	C:MESH:C019304
DB09067	C:MESH:C085671
DB09069	C:MESH:D014292
DB09070	C:MESH:C027385
DB09071	C:MESH:C478745
DB09072	C:MESH:D012978
DB09073	C:MESH:C500026
DB09074	C:MESH:C531550
DB09075	C:MESH:C552171
DB09078	C:MESH:C531958
DB09079	C:MESH:C530716
DB09080	C:MESH:C549647
DB09082	C:MESH:C550468
DB09084	C:MESH:D001591
DB09085	C:MESH:D013748
DB09086	C:MESH:D005054
DB09089	C:MESH:D014287
DB09090	C:MESH:C013199
DB09091	C:MESH:C040971
DB09093	C:MESH:D002751
DB09094	C:MESH:D011033
DB09096	C:MESH:D001585
DB09097	C:MESH:C046650
DB09098	C:MESH:C447442
DB09102	C:MESH:C549273
DB09104	C:MESH:D008276
DB09112	C:MESH:D009608
DB09113	C:MESH:C068291
DB09114	C:MESH:C081581
DB09115	C:MESH:D004103
DB09117	C:MESH:D010242
DB09118	C:MESH:C021092
DB09119	C:MESH:C416835
DB09120	C:MESH:C117479
DB09121	C:MESH:D006051
DB09122	C:MESH:C428112
DB09123	C:MESH:C023635
DB09124	C:MESH:D008524
DB09128	C:MESH:C000591922
DB09130	C:MESH:D003300
DB09133	C:MESH:D007483
DB09134	C:MESH:C054871
DB09137	C:MESH:C034837
DB09138	C:MESH:D013669
DB09139	C:MESH:C024226
DB09140	C:MESH:D010100
DB09142	C:MESH:D012844
DB09143	C:MESH:C561435
DB09145	C:MESH:D014867
DB09147	C:MESH:C049051
DB09148	C:MESH:C527756
DB09152	C:MESH:D009584
DB09153	C:MESH:D012965
DB09155	C:MESH:D006371
DB09156	C:MESH:C038192
DB09157	C:MESH:D002245
DB09160	C:MESH:C078700
DB09161	C:MESH:D017256
DB09163	C:MESH:D019690
DB09164	C:MESH:D019785
DB09165	C:MESH:C062426
DB09166	C:MESH:C044610
DB09167	C:MESH:D004308
DB09174	C:MESH:C034846
DB09175	C:MESH:C069209
DB09178	C:MESH:C054783
DB09181	C:MESH:C080498
DB09185	C:MESH:D014745
DB09186	C:MESH:C011386
DB09190	C:MESH:C004302
DB09192	C:MESH:C021259
DB09194	C:MESH:C013528
DB09197	C:MESH:C008351
DB09198	C:MESH:C546215
DB09199	C:MESH:C115174
DB09200	C:MESH:C521549
DB09201	C:MESH:C039671
DB09202	C:MESH:C014282
DB09203	C:MESH:D013578
DB09204	C:MESH:C024523
DB09205	C:MESH:D013948
DB09206	C:MESH:C005185
DB09209	C:MESH:C008872
DB09210	C:MESH:D010889
DB09211	C:MESH:C025090
DB09212	C:MESH:C040656
DB09213	C:MESH:C539402
DB09215	C:MESH:C049073
DB09216	C:MESH:C009500
DB09217	C:MESH:C487384
DB09218	C:MESH:D003002
DB09220	C:MESH:D020108
DB09221	C:MESH:C061957
DB09222	C:MESH:D005340
DB09223	C:MESH:C079310
DB09224	C:MESH:C008522
DB09225	C:MESH:C022172
DB09227	C:MESH:C050699
DB09229	C:MESH:C059427
DB09230	C:MESH:C061679
DB09231	C:MESH:C061004
DB09232	C:MESH:C065927
DB09234	C:MESH:C034600
DB09235	C:MESH:C066425
DB09236	C:MESH:C060285
DB09237	C:MESH:C542574
DB09238	C:MESH:C054218
DB09239	C:MESH:C054074
DB09240	C:MESH:C019497
DB09242	C:MESH:C043482
DB09244	C:MESH:C009830
DB09245	C:MESH:C010798
DB09247	C:MESH:C010474
DB09248	C:MESH:C004343
DB09250	C:MESH:C084776
DB09252	C:MESH:C008928
DB09253	C:MESH:C013242
DB09254	C:MESH:C006919
DB09256	C:MESH:D005641
DB09257	C:MESH:C104201
DB09258	C:MESH:C411345
DB09261	C:MESH:C403769
DB09262	C:MESH:C120953
DB09265	C:MESH:C479460
DB09267	C:MESH:C081587
DB09269	C:MESH:C025136
DB09270	C:MESH:C024989
DB09271	C:MESH:C016859
DB09272	C:MESH:C583636
DB09273	C:MESH:C029797
DB09274	C:MESH:C111789
DB09276	C:MESH:D006052
DB09279	C:MESH:C558933
DB09280	C:MESH:C569105
DB09282	C:MESH:D008981
DB09283	C:MESH:D014192
DB09284	C:MESH:C002787
DB09285	C:MESH:C027859
DB09286	C:MESH:C005569
DB09287	C:MESH:D011092
DB09288	C:MESH:C063776
DB09289	C:MESH:C050504
DB09290	C:MESH:C071315
DB09291	C:MESH:C578834
DB09295	C:MESH:C488233
DB09300	C:MESH:D002086
DB09304	C:MESH:C050605
DB09307	C:MESH:C027299
DB09308	C:MESH:C547755
DB09309	C:MESH:D015939
DB09313	C:MESH:D007485
DB09316	C:MESH:C027549
DB09317	C:MESH:C509653
DB09319	C:MESH:C100244
DB09321	C:MESH:D015034
DB09322	C:MESH:D019287
DB09324	C:MESH:D013407
DB09325	C:MESH:D012969
DB09333	C:MESH:D007487
DB09335	C:MESH:C106856
DB09341	C:MESH:D005947
DB09342	C:MESH:D011430
DB09344	C:MESH:C008133
DB09345	C:MESH:C005548
DB09346	C:MESH:D008794
DB09347	C:MESH:D000100
DB09348	C:MESH:D011420
DB09350	C:MESH:D010882
DB09352	C:MESH:D010136
DB09353	C:MESH:D013455
DB09357	C:MESH:C007288
DB09366	C:MESH:D011440
DB09369	C:MESH:C008958
DB09371	C:MESH:D009641
DB09378	C:MESH:D005477
DB09383	C:MESH:C008352
DB09389	C:MESH:D009644
DB09394	C:MESH:C030242
DB09397	C:MESH:D013671
DB09401	C:MESH:D007547
DB09403	C:MESH:C073259
DB09418	C:MESH:C009006
DB09419	C:MESH:D014994
DB09421	C:MESH:D013973
DB09459	C:MESH:C029768
DB09460	C:MESH:C005686
DB09462	C:MESH:D005990
DB09487	C:MESH:C033300
DB09488	C:MESH:C043648
DB09494	C:MESH:C005031
DB09495	C:MESH:C049935
DB09496	C:MESH:C118580
DB09501	C:MESH:C013531
DB09502	C:MESH:D019788
DB09512	C:MESH:D012841
DB09516	C:MESH:C009760
DB09526	C:MESH:C031927
DB09535	C:MESH:C088673
DB09536	C:MESH:C009495
DB09543	C:MESH:C033069
DB09570	C:MESH:C548400
DB11058	C:MESH:D010577
DB11060	C:MESH:D011142
DB11061	C:MESH:D011205
DB11062	C:MESH:C103422
DB11064	C:MESH:C060446
DB11068	C:MESH:D064586
DB11071	C:MESH:C026041
DB11072	C:MESH:D006858
DB11073	C:MESH:D002594
DB11074	C:MESH:C013830
DB11075	C:MESH:D065347
DB11079	C:MESH:C032758
DB11080	C:MESH:D012835
DB11085	C:MESH:C031389
DB11089	C:MESH:D004143
DB11090	C:MESH:C023844
DB11091	C:MESH:D006861
DB11094	C:MESH:D014807
DB11095	C:MESH:C060225
DB11097	C:MESH:D011620
DB11098	C:MESH:C026329
DB11100	C:MESH:D000481
DB11104	C:MESH:D013459
DB11109	C:MESH:D002713
DB11110	C:MESH:C110422
DB11112	C:MESH:D007809
DB11113	C:MESH:D002368
DB11115	C:MESH:C499767
DB11117	C:MESH:C538763
DB11118	C:MESH:D000641
DB11119	C:MESH:D012974
DB11120	C:MESH:D014425
DB11121	C:MESH:C007027
DB11124	C:MESH:D064705
DB11125	C:MESH:D001558
DB11126	C:MESH:D002125
DB11127	C:MESH:D020887
DB11128	C:MESH:C022175
DB11130	C:MESH:D009892
DB11132	C:MESH:D012822
DB11134	C:MESH:C030973
DB11136	C:MESH:D002857
DB11137	C:MESH:D008982
DB11142	C:MESH:D012645
DB11143	C:MESH:C077977
DB11145	C:MESH:D015125
DB11148	C:MESH:C004605
DB11150	C:MESH:D001466
DB11151	C:MESH:D012972
DB11153	C:MESH:C029943
DB11155	C:MESH:C009540
DB11156	C:MESH:D011715
DB11157	C:MESH:D000875
DB11158	C:MESH:D010368
DB11159	C:MESH:C033479
DB11160	C:MESH:C008865
DB11165	C:MESH:C013893
DB11171	C:MESH:C024823
DB11179	C:MESH:C078058
DB11181	C:MESH:C100236
DB11184	C:MESH:C007740
DB11185	C:MESH:C009361
DB11186	C:MESH:C018861
DB11190	C:MESH:C005425
DB11191	C:MESH:C000913
DB11195	C:MESH:D014993
DB11203	C:MESH:D001895
DB11207	C:MESH:C077647
DB11209	C:MESH:C055066
DB11210	C:MESH:C510030
DB11217	C:MESH:D001104
DB11219	C:MESH:C038939
DB11220	C:MESH:C044309
DB11225	C:MESH:C009314
DB11228	C:MESH:D008747
DB11230	C:MESH:C033065
DB11234	C:MESH:D048271
DB11235	C:MESH:C100145
DB11244	C:MESH:C114768
DB11251	C:MESH:D024505
DB11253	C:MESH:C002563
DB11254	C:MESH:D006604
DB11255	C:MESH:C079689
DB11257	C:MESH:D005459
DB11259	C:MESH:C039602
DB11263	C:MESH:C058229
DB11268	C:MESH:C005581
DB11273	C:MESH:D025441
DB11275	C:MESH:C053770
DB11278	C:MESH:C041707
DB11282	C:MESH:D003671
DB11283	C:MESH:D004134
DB11284	C:MESH:C002773
DB11296	C:MESH:C020905
DB11304	C:MESH:C005398
DB11309	C:MESH:C033158
DB11311	C:MESH:D011516
DB11315	C:MESH:D019832
DB11323	C:MESH:C020904
DB11324	C:MESH:C040937
DB11325	C:MESH:C033580
DB11326	C:MESH:C032688
DB11327	C:MESH:C032196
DB11330	C:MESH:C025667
DB11335	C:MESH:C065378
DB11336	C:MESH:D007701
DB11337	C:MESH:D015026
DB11340	C:MESH:C003741
DB11341	C:MESH:C089399
DB11342	C:MESH:D000537
DB11343	C:MESH:C082343
DB11346	C:MESH:D012413
DB11348	C:MESH:C018392
DB11350	C:MESH:C077055
DB11358	C:MESH:C028498
DB11359	C:MESH:D006139
DB11362	C:MESH:C523468
DB11363	C:MESH:C582670
DB11364	C:MESH:C064893
DB11366	C:MESH:C045282
DB11367	C:MESH:C012671
DB11371	C:MESH:C006477
DB11373	C:MESH:C014983
DB11375	C:MESH:C006653
DB11376	C:MESH:D001376
DB11377	C:MESH:C419802
DB11378	C:MESH:C100096
DB11380	C:MESH:D002159
DB11385	C:MESH:C012813
DB11386	C:MESH:D002724
DB11387	C:MESH:D002725
DB11389	C:MESH:C015675
DB11390	C:MESH:D003372
DB11392	C:MESH:C014439
DB11393	C:MESH:C068581
DB11394	C:MESH:D003667
DB11395	C:MESH:C471996
DB11396	C:MESH:D004003
DB11397	C:MESH:D004006
DB11398	C:MESH:C057884
DB11399	C:MESH:C521290
DB11400	C:MESH:C084101
DB11403	C:MESH:C468987
DB11405	C:MESH:C101434
DB11409	C:MESH:C017309
DB11410	C:MESH:D005273
DB11411	C:MESH:C039153
DB11412	C:MESH:D005284
DB11413	C:MESH:C035534
DB11416	C:MESH:C552399
DB11417	C:MESH:C037905
DB11419	C:MESH:C007902
DB11420	C:MESH:C019556
DB11421	C:MESH:C082359
DB11423	C:MESH:D007832
DB11424	C:MESH:C070364
DB11426	C:MESH:C080260
DB11428	C:MESH:D020926
DB11429	C:MESH:C100075
DB11430	C:MESH:D008985
DB11431	C:MESH:C027837
DB11432	C:MESH:C013612
DB11433	C:MESH:C057040
DB11436	C:MESH:C004562
DB11437	C:MESH:C015389
DB11438	C:MESH:C464843
DB11442	C:MESH:D009827
DB11443	C:MESH:C095163
DB11446	C:MESH:C011030
DB11447	C:MESH:C031637
DB11450	C:MESH:C041648
DB11455	C:MESH:C551524
DB11457	C:MESH:D012402
DB11458	C:MESH:D012406
DB11459	C:MESH:C414354
DB11460	C:MESH:D013185
DB11462	C:MESH:C009345
DB11463	C:MESH:C009349
DB11464	C:MESH:D013428
DB11466	C:MESH:C073135
DB11467	C:MESH:D013883
DB11468	C:MESH:C014224
DB11471	C:MESH:C052319
DB11472	C:MESH:C017761
DB11473	C:MESH:D014236
DB11475	C:MESH:D015645
DB11476	C:MESH:D014769
DB11477	C:MESH:D014991
DB11478	C:MESH:D015029
DB11479	C:MESH:C058948
DB11480	C:MESH:D004135
DB11481	C:MESH:C050701
DB11485	C:MESH:C053503
DB11487	C:MESH:D003908
DB11490	C:MESH:D009269
DB11496	C:MESH:C005563
DB11497	C:MESH:C009359
DB11504	C:MESH:C004519
DB11510	C:MESH:C066438
DB11511	C:MESH:C047225
DB11518	C:MESH:C014557
DB11520	C:MESH:D006921
DB11521	C:MESH:D007095
DB11522	C:MESH:C010958
DB11525	C:MESH:C018091
DB11526	C:MESH:C526575
DB11537	C:MESH:C034093
DB11540	C:MESH:C026328
DB11541	C:MESH:C060897
DB11543	C:MESH:C076257
DB11544	C:MESH:C010327
DB11545	C:MESH:C072941
DB11549	C:MESH:D013992
DB11552	C:MESH:C003636
DB11554	C:MESH:C545430
DB11556	C:MESH:C041255
DB11558	C:MESH:D014050
DB11560	C:MESH:C000593471
DB11561	C:MESH:D000585
DB11562	C:MESH:D001640
DB11575	C:MESH:C578009
DB11576	C:MESH:C000499
DB11581	C:MESH:C579720
DB11582	C:MESH:C004280
DB11584	C:MESH:C084823
DB11586	C:MESH:C571889
DB11588	C:MESH:D002248
DB11589	C:MESH:D009356
DB11590	C:MESH:D013849
DB11591	C:MESH:C445659
DB11592	C:MESH:C021720
DB11594	C:MESH:C007556
DB11596	C:MESH:D058766
DB11602	C:MESH:C002283
DB11605	C:MESH:C587573
DB11610	C:MESH:C026055
DB11611	C:MESH:C575157
DB11614	C:MESH:C103639
DB11616	C:MESH:C027260
DB11617	C:MESH:D015250
DB11618	C:MESH:C002205
DB11619	C:MESH:D005867
DB11620	C:MESH:C053389
DB11622	C:MESH:D003685
DB11623	C:MESH:C060942
DB11625	C:MESH:C008806
DB11630	C:MESH:C072269
DB11632	C:MESH:C549349
DB11633	C:MESH:C508735
DB11634	C:MESH:C106574
DB11635	C:MESH:C014225
DB11638	C:MESH:C039060
DB11641	C:MESH:C111217
DB11642	C:MESH:C516975
DB11644	C:MESH:C547076
DB11648	C:MESH:C000593263
DB11651	C:MESH:C531198
DB11653	C:MESH:C476721
DB11655	C:MESH:C568301
DB11656	C:MESH:C052785
DB11659	C:MESH:D007204
DB11664	C:MESH:D011562
DB11668	C:MESH:C412222
DB11669	C:MESH:C404743
DB11672	C:MESH:D003474
DB11673	C:MESH:D011733
DB11674	C:MESH:D060754
DB11675	C:MESH:C062720
DB11677	C:MESH:C531010
DB11678	C:MESH:C018404
DB11686	C:MESH:C572904
DB11688	C:MESH:C044565
DB11693	C:MESH:C484071
DB11694	C:MESH:C577638
DB11695	C:MESH:D002336
DB11696	C:MESH:C049331
DB11698	C:MESH:C572941
DB11702	C:MESH:C052091
DB11705	C:MESH:C057937
DB11709	C:MESH:C582852
DB11710	C:MESH:C024058
DB11716	C:MESH:D008920
DB11718	C:MESH:C000601108
DB11720	C:MESH:C118790
DB11723	C:MESH:C552164
DB11724	C:MESH:D001839
DB11725	C:MESH:C010119
DB11730	C:MESH:C000589651
DB11735	C:MESH:D005690
DB11737	C:MESH:C531470
DB11740	C:MESH:C549567
DB11741	C:MESH:C584390
DB11742	C:MESH:C058249
DB11748	C:MESH:C013835
DB11750	C:MESH:D002990
DB11752	C:MESH:C046785
DB11753	C:MESH:C023808
DB11757	C:MESH:C111599
DB11759	C:MESH:C539933
DB11760	C:MESH:C586365
DB11762	C:MESH:C475865
DB11763	C:MESH:C546012
DB11764	C:MESH:C583568
DB11770	C:MESH:C011550
DB11774	C:MESH:C078052
DB11778	C:MESH:C523797
DB11779	C:MESH:C553752
DB11780	C:MESH:C006452
DB11781	C:MESH:C531970
DB11782	C:MESH:C582429
DB11783	C:MESH:C065166
DB11785	C:MESH:C003922
DB11789	C:MESH:C010471
DB11792	C:MESH:C528396
DB11793	C:MESH:C545685
DB11796	C:MESH:C576364
DB11797	C:MESH:D019158
DB11800	C:MESH:C553176
DB11801	C:MESH:C507283
DB11805	C:MESH:C515233
DB11809	C:MESH:C558165
DB11811	C:MESH:C000593473
DB11812	C:MESH:C053434
DB11816	C:MESH:C547293
DB11817	C:MESH:C000596027
DB11820	C:MESH:D009547
DB11825	C:MESH:C000598618
DB11828	C:MESH:C487932
DB11829	C:MESH:C099154
DB11830	C:MESH:C523184
DB11831	C:MESH:D004137
DB11832	C:MESH:C577197
DB11841	C:MESH:C118739
DB11844	C:MESH:C453221
DB11846	C:MESH:D003404
DB11847	C:MESH:C000591679
DB11848	C:MESH:C027693
DB11851	C:MESH:C506918
DB11852	C:MESH:C571890
DB11855	C:MESH:C583570
DB11858	C:MESH:D017998
DB11860	C:MESH:C455117
DB11861	C:MESH:C000591843
DB11863	C:MESH:C568080
DB11869	C:MESH:C070272
DB11874	C:MESH:C029036
DB11875	C:MESH:C016392
DB11876	C:MESH:C054122
DB11890	C:MESH:C422910
DB11892	C:MESH:C074191
DB11894	C:MESH:C510342
DB11896	C:MESH:C549060
DB11898	C:MESH:C089946
DB11904	C:MESH:C553360|MESH:C559206
DB11906	C:MESH:C109238
DB11907	C:MESH:C000589977
DB11909	C:MESH:C117948
DB11911	C:MESH:C557799
DB11917	C:MESH:C571746
DB11918	C:MESH:C580831
DB11919	C:MESH:C064976
DB11920	C:MESH:C545087
DB11921	C:MESH:C021988
DB11924	C:MESH:C005682
DB11925	C:MESH:C585537
DB11927	C:MESH:C532120
DB11935	C:MESH:C045693
DB11936	C:MESH:C581236
DB11937	C:MESH:D007736
DB11940	C:MESH:C078157
DB11942	C:MESH:C585161
DB11943	C:MESH:C477891
DB11946	C:MESH:C569518
DB11947	C:MESH:C483720
DB11948	C:MESH:C014638
DB11952	C:MESH:C586691
DB11954	C:MESH:C000592793
DB11956	C:MESH:C527966
DB11958	C:MESH:C509922
DB11960	C:MESH:C062058
DB11964	C:MESH:C119615
DB11967	C:MESH:C581313
DB11973	C:MESH:C571826
DB11978	C:MESH:C000592580
DB11989	C:MESH:C009999
DB11994	C:MESH:C025292
DB11995	C:MESH:C533238
DB11996	C:MESH:D016305
DB11998	C:MESH:C031368
DB11999	C:MESH:C485113
DB12001	C:MESH:C000590451
DB12003	C:MESH:C033402
DB12010	C:MESH:C523665
DB12015	C:MESH:C585539
DB12016	C:MESH:C550169
DB12017	C:MESH:C034364
DB12019	C:MESH:C479543
DB12020	C:MESH:C505045
DB12021	C:MESH:C553669
DB12024	C:MESH:C570688
DB12025	C:MESH:C001899
DB12027	C:MESH:C568210
DB12028	C:MESH:D001973
DB12029	C:MESH:D002726
DB12052	C:MESH:C056599
DB12054	C:MESH:C072247
DB12058	C:MESH:C121889
DB12061	C:MESH:C480679
DB12066	C:MESH:C571806
DB12070	C:MESH:C000588473
DB12071	C:MESH:C556517
DB12072	C:MESH:C412603
DB12073	C:MESH:C112424
DB12078	C:MESH:C547106
DB12079	C:MESH:D005778
DB12080	C:MESH:C576374
DB12082	C:MESH:C041667
DB12083	C:MESH:C048341
DB12086	C:MESH:C017590
DB12087	C:MESH:C024078
DB12088	C:MESH:C094462
DB12089	C:MESH:C579429
DB12091	C:MESH:D005682
DB12092	C:MESH:C064357
DB12093	C:MESH:C014215
DB12094	C:MESH:C097256
DB12110	C:MESH:C015068
DB12111	C:MESH:C014896
DB12116	C:MESH:C045651
DB12123	C:MESH:C026896
DB12124	C:MESH:C531200
DB12126	C:MESH:D001920
DB12127	C:MESH:C035444
DB12128	C:MESH:C528884
DB12130	C:MESH:C000590786
DB12131	C:MESH:C013983
DB12139	C:MESH:C499715
DB12140	C:MESH:C574213
DB12146	C:MESH:C507134
DB12148	C:MESH:C030814
DB12150	C:MESH:C040375
DB12153	C:MESH:D003566
DB12156	C:MESH:C058120
DB12160	C:MESH:C026535
DB12162	C:MESH:C081906
DB12163	C:MESH:C064294
DB12172	C:MESH:D009554
DB12173	C:MESH:C029402
DB12176	C:MESH:C003637
DB12178	C:MESH:C079293
DB12179	C:MESH:C060283
DB12181	C:MESH:C411602
DB12184	C:MESH:C039979
DB12185	C:MESH:C095887
DB12190	C:MESH:C107057
DB12191	C:MESH:C520962
DB12193	C:MESH:C471849
DB12194	C:MESH:C048751
DB12197	C:MESH:C560851
DB12204	C:MESH:C112331
DB12207	C:MESH:C000593855
DB12208	C:MESH:C557707
DB12211	C:MESH:C514191
DB12212	C:MESH:C077049
DB12214	C:MESH:C549343
DB12218	C:MESH:C575618
DB12221	C:MESH:D002192
DB12222	C:MESH:C091719
DB12223	C:MESH:C020637
DB12224	C:MESH:C029536
DB12226	C:MESH:C076852
DB12228	C:MESH:C525458
DB12230	C:MESH:C018176
DB12231	C:MESH:D000002
DB12232	C:MESH:C103873
DB12233	C:MESH:C077313
DB12234	C:MESH:C415151
DB12235	C:MESH:D004953
DB12237	C:MESH:C409004
DB12248	C:MESH:C010809
DB12251	C:MESH:C004490
DB12254	C:MESH:C079199
DB12257	C:MESH:D010984
DB12264	C:MESH:C076632
DB12265	C:MESH:C038307
DB12267	C:MESH:C000598580
DB12268	C:MESH:C552198
DB12272	C:MESH:C573852
DB12273	C:MESH:C058081
DB12277	C:MESH:C031233
DB12278	C:MESH:C015586
DB12279	C:MESH:C485419
DB12282	C:MESH:C584510
DB12283	C:MESH:C530825
DB12288	C:MESH:C581609
DB12289	C:MESH:C569750
DB12290	C:MESH:C033607
DB12291	C:MESH:C081895
DB12292	C:MESH:C517339
DB12293	C:MESH:D009340
DB12298	C:MESH:C008046
DB12308	C:MESH:D011280
DB12310	C:MESH:D014199
DB12311	C:MESH:C406025
DB12313	C:MESH:C046318
DB12314	C:MESH:C007030
DB12316	C:MESH:C112106
DB12318	C:MESH:C545531
DB12319	C:MESH:D001553
DB12320	C:MESH:C546535
DB12321	C:MESH:C078904
DB12326	C:MESH:C545357
DB12327	C:MESH:C090499
DB12328	C:MESH:D002193
DB12329	C:MESH:C571179
DB12332	C:MESH:C531549
DB12333	C:MESH:C115650
DB12340	C:MESH:C528561
DB12341	C:MESH:C000590915
DB12343	C:MESH:C031367
DB12350	C:MESH:C106263
DB12351	C:MESH:C051355
DB12352	C:MESH:C072257
DB12355	C:MESH:C104428
DB12358	C:MESH:D004659
DB12361	C:MESH:C510463
DB12364	C:MESH:C543086
DB12365	C:MESH:C110623
DB12367	C:MESH:C000591013
DB12369	C:MESH:C543528
DB12370	C:MESH:C114611
DB12371	C:MESH:C578989
DB12376	C:MESH:C572255
DB12378	C:MESH:C514354
DB12380	C:MESH:C579046
DB12383	C:MESH:C035826
DB12384	C:MESH:C415575
DB12385	C:MESH:C028098
DB12391	C:MESH:C530494
DB12392	C:MESH:C550599
DB12393	C:MESH:C114423
DB12395	C:MESH:C541385
DB12401	C:MESH:C006820
DB12402	C:MESH:C482040
DB12403	C:MESH:D012493
DB12404	C:MESH:C522201
DB12405	C:MESH:C023764
DB12406	C:MESH:C025189
DB12407	C:MESH:C093233
DB12410	C:MESH:C107602
DB12415	C:MESH:C500627
DB12417	C:MESH:C583175
DB12418	C:MESH:D012439
DB12420	C:MESH:C492422
DB12422	C:MESH:C016766
DB12423	C:MESH:C408972
DB12427	C:MESH:C584555
DB12434	C:MESH:C074471
DB12436	C:MESH:C103207
DB12442	C:MESH:C448659
DB12445	C:MESH:C102148
DB12447	C:MESH:C062127
DB12448	C:MESH:C059343
DB12449	C:MESH:C001803
DB12450	C:MESH:D011435
DB12451	C:MESH:C544142
DB12452	C:MESH:D020003
DB12453	C:MESH:C025109
DB12455	C:MESH:C000591640
DB12457	C:MESH:C578443
DB12458	C:MESH:D009118
DB12459	C:MESH:C116963
DB12465	C:MESH:D007650
DB12466	C:MESH:C462182
DB12470	C:MESH:C099405
DB12473	C:MESH:C012566
DB12474	C:MESH:D008234
DB12478	C:MESH:D010891
DB12479	C:MESH:C480202
DB12480	C:MESH:C002070
DB12481	C:MESH:D001464
DB12482	C:MESH:C410959
DB12483	C:MESH:C000589253
DB12484	C:MESH:D013767
DB12485	C:MESH:C033815
DB12486	C:MESH:C581303
DB12487	C:MESH:C013657
DB12492	C:MESH:D010892
DB12497	C:MESH:C406794
DB12499	C:MESH:C496269
DB12500	C:MESH:C528327
DB12505	C:MESH:C468872
DB12509	C:MESH:C575881
DB12510	C:MESH:D010126
DB12515	C:MESH:C080125
DB12518	C:MESH:D020891
DB12519	C:MESH:D012521
DB12521	C:MESH:C038678
DB12523	C:MESH:C076170
DB12525	C:MESH:C082430
DB12528	C:MESH:C030774
DB12531	C:MESH:C063638
DB12532	C:MESH:C100289
DB12533	C:MESH:C521494
DB12536	C:MESH:C002022
DB12537	C:MESH:D001569
DB12539	C:MESH:C026209
DB12540	C:MESH:C500836
DB12541	C:MESH:C000593797
DB12545	C:MESH:C020371
DB12549	C:MESH:C064541
DB12551	C:MESH:D019329
DB12553	C:MESH:C035394
DB12554	C:MESH:C005096
DB12555	C:MESH:C546600
DB12558	C:MESH:C489254
DB12561	C:MESH:C586458
DB12565	C:MESH:C512352
DB12574	C:MESH:C094382
DB12577	C:MESH:C058728
DB12578	C:MESH:C581096
DB12582	C:MESH:C008922
DB12590	C:MESH:C469870
DB12593	C:MESH:C060817
DB12596	C:MESH:C040105
DB12598	C:MESH:C032855
DB12602	C:MESH:C081788
DB12604	C:MESH:D012853
DB12606	C:MESH:C067854
DB12608	C:MESH:C000592692
DB12610	C:MESH:C042986
DB12613	C:MESH:C425904
DB12615	C:MESH:C550938
DB12617	C:MESH:C010052
DB12618	C:MESH:C056165
DB12620	C:MESH:D020932
DB12622	C:MESH:C010480
DB12624	C:MESH:C034213
DB12629	C:MESH:C082182
DB12630	C:MESH:C043913
DB12633	C:MESH:C426424
DB12637	C:MESH:C053238
DB12638	C:MESH:C526550
DB12645	C:MESH:C575255
DB12649	C:MESH:C569626
DB12661	C:MESH:C015568
DB12662	C:MESH:C517861
DB12663	C:MESH:C080736
DB12664	C:MESH:C431890
DB12667	C:MESH:D011515
DB12668	C:MESH:D004744
DB12670	C:MESH:C073525
DB12671	C:MESH:C487952
DB12672	C:MESH:C499403
DB12677	C:MESH:C105791
DB12687	C:MESH:C582524
DB12688	C:MESH:C541974
DB12692	C:MESH:C037258
DB12693	C:MESH:D016713
DB12695	C:MESH:C058305
DB12697	C:MESH:C002979
DB12699	C:MESH:C000600093
DB12704	C:MESH:C051272
DB12708	C:MESH:C016767
DB12709	C:MESH:C005830
DB12710	C:MESH:D010464
DB12712	C:MESH:C042288
DB12713	C:MESH:C575681
DB12714	C:MESH:C101289
DB12727	C:MESH:C011272
DB12730	C:MESH:C064570
DB12736	C:MESH:D017341
DB12739	C:MESH:C079489
DB12749	C:MESH:C027125
DB12751	C:MESH:C030298
DB12752	C:MESH:C024307
DB12755	C:MESH:C080883
DB12757	C:MESH:C516135
DB12758	C:MESH:C096921
DB12761	C:MESH:C494139
DB12764	C:MESH:C548780
DB12765	C:MESH:C008461
DB12766	C:MESH:C038068
DB12769	C:MESH:C045894
DB12770	C:MESH:C076948
DB12771	C:MESH:C005975
DB12774	C:MESH:C546624
DB12778	C:MESH:C553182
DB12779	C:MESH:C012348
DB12780	C:MESH:C026546
DB12781	C:MESH:C497232
DB12783	C:MESH:D001545
DB12787	C:MESH:D009639
DB12789	C:MESH:D015237
DB12792	C:MESH:C550088
DB12799	C:MESH:C411474
DB12802	C:MESH:C415032
DB12803	C:MESH:C084581
DB12804	C:MESH:C057924
DB12805	C:MESH:C515616
DB12807	C:MESH:C543500
DB12812	C:MESH:C533469
DB12816	C:MESH:C034019
DB12821	C:MESH:C108042
DB12823	C:MESH:C547288
DB12829	C:MESH:D013828
DB12831	C:MESH:D016670
DB12832	C:MESH:D011238
DB12833	C:MESH:C055267
DB12834	C:MESH:C016724
DB12842	C:MESH:C115093
DB12843	C:MESH:C021065
DB12846	C:MESH:C014792
DB12847	C:MESH:C428024
DB12855	C:MESH:C508042
DB12856	C:MESH:C003438
DB12859	C:MESH:D013635
DB12863	C:MESH:C069195
DB12864	C:MESH:D008549
DB12866	C:MESH:C000594809
DB12867	C:MESH:D001544
DB12868	C:MESH:C081834
DB12869	C:MESH:C058083
DB12870	C:MESH:D019328
DB12873	C:MESH:D003961
DB12874	C:MESH:C544967
DB12877	C:MESH:C015408
DB12881	C:MESH:C016517
DB12883	C:MESH:C063828
DB12884	C:MESH:C039993
DB12885	C:MESH:C090034
DB12888	C:MESH:C559859
DB12894	C:MESH:C059694
DB12900	C:MESH:C561238
DB12901	C:MESH:C026023
DB12902	C:MESH:C003726
DB12907	C:MESH:D008358
DB12912	C:MESH:C099178
DB12916	C:MESH:D008936
DB12921	C:MESH:C048021
DB12923	C:MESH:D005711
DB12924	C:MESH:C000592413
DB12927	C:MESH:C002747
DB12930	C:MESH:D009888
DB12935	C:MESH:C532127
DB12938	C:MESH:C415327
DB12939	C:MESH:C011952
DB12942	C:MESH:C014635
DB12944	C:MESH:D010696
DB12945	C:MESH:D004078
DB12946	C:MESH:C051360
DB12947	C:MESH:C025034
DB12948	C:MESH:C035419
DB12951	C:MESH:C038979
DB12954	C:MESH:C100142
DB12958	C:MESH:C069248
DB12961	C:MESH:D007975
DB12964	C:MESH:C115094
DB12965	C:MESH:D012834
DB12967	C:MESH:D008935
DB12971	C:MESH:C509302
DB12973	C:MESH:C551592
DB12975	C:MESH:C027871
DB12978	C:MESH:C000600259
DB12979	C:MESH:C109487
DB12982	C:MESH:D012825
DB12983	C:MESH:C013647
DB12984	C:MESH:C531079
DB12987	C:MESH:C058388
DB12989	C:MESH:C034902
DB12992	C:MESH:C052656
DB12996	C:MESH:C058956
DB13001	C:MESH:C100290
DB13003	C:MESH:C005924
DB13004	C:MESH:C581397
DB13006	C:MESH:C576178
DB13009	C:MESH:C006698
DB13011	C:MESH:C058306
DB13014	C:MESH:C004965
DB13018	C:MESH:C085079
DB13023	C:MESH:C515136
DB13025	C:MESH:D063325
DB13026	C:MESH:D009950
DB13027	C:MESH:C059629
DB13028	C:MESH:C065257
DB13030	C:MESH:C054103
DB13031	C:MESH:D009556
DB13036	C:MESH:C063119
DB13038	C:MESH:D014304
DB13039	C:MESH:C016217
DB13042	C:MESH:C048314
DB13046	C:MESH:C044258
DB13049	C:MESH:C066228
DB13050	C:MESH:C053355
DB13051	C:MESH:C559137
DB13052	C:MESH:C580590
DB13053	C:MESH:C112776
DB13056	C:MESH:C041836
DB13058	C:MESH:C005109
DB13062	C:MESH:C000597890
DB13063	C:MESH:C002669
DB13064	C:MESH:C005370
DB13066	C:MESH:C061121
DB13067	C:MESH:C477643
DB13068	C:MESH:C090438
DB13069	C:MESH:D015376
DB13070	C:MESH:C492668
DB13071	C:MESH:C100173
DB13075	C:MESH:C062629
DB13082	C:MESH:C058876
DB13083	C:MESH:C406527
DB13084	C:MESH:D011746
DB13089	C:MESH:D006034
DB13092	C:MESH:C100122
DB13095	C:MESH:C578010
DB13096	C:MESH:C070707
DB13098	C:MESH:C106011
DB13099	C:MESH:C045179
DB13105	C:MESH:C499823
DB13108	C:MESH:C548233
DB13109	C:MESH:C549124
DB13110	C:MESH:D000965
DB13111	C:MESH:C029141
DB13114	C:MESH:C006566
DB13116	C:MESH:C063006
DB13117	C:MESH:C403631
DB13118	C:MESH:C573440
DB13124	C:MESH:C005865
DB13128	C:MESH:D012566
DB13129	C:MESH:C050319
DB13132	C:MESH:C031327
DB13136	C:MESH:C017673
DB13139	C:MESH:D064412
DB13141	C:MESH:C077110
DB13143	C:MESH:C005194
DB13145	C:MESH:C053989
DB13146	C:MESH:C117460
DB13151	C:MESH:C065655
DB13152	C:MESH:C093388
DB13153	C:MESH:C004497
DB13154	C:MESH:C029107
DB13155	C:MESH:D004929
DB13156	C:MESH:D007542
DB13160	C:MESH:D000522
DB13161	C:MESH:C000590926
DB13167	C:MESH:C084615
DB13169	C:MESH:D009277
DB13170	C:MESH:C584575
DB13172	C:MESH:D014415
DB13174	C:MESH:C020491
DB13175	C:MESH:C055876
DB13177	C:MESH:C014110
DB13178	C:MESH:D007294
DB13179	C:MESH:D014217
DB13180	C:MESH:C030691
DB13182	C:MESH:C004742
DB13192	C:MESH:C078147
DB13202	C:MESH:C003155
DB13203	C:MESH:C006683
DB13206	C:MESH:C084810
DB13207	C:MESH:C024362
DB13208	C:MESH:C036266
DB13209	C:MESH:C010804
DB13211	C:MESH:C073344
DB13212	C:MESH:D010637
DB13213	C:MESH:C084595
DB13215	C:MESH:D013448
DB13216	C:MESH:C008735
DB13217	C:MESH:C006124
DB13218	C:MESH:C037938
DB13219	C:MESH:C034065
DB13221	C:MESH:C005700
DB13222	C:MESH:C037665
DB13225	C:MESH:C084605
DB13227	C:MESH:C100302
DB13228	C:MESH:C047316
DB13231	C:MESH:C110051
DB13232	C:MESH:C003371
DB13234	C:MESH:D011410
DB13236	C:MESH:C077725
DB13237	C:MESH:C018874
DB13239	C:MESH:C095919
DB13240	C:MESH:D003529
DB13242	C:MESH:D003994
DB13243	C:MESH:C033706
DB13244	C:MESH:C015668
DB13245	C:MESH:D013893
DB13246	C:MESH:C028338
DB13247	C:MESH:C038438
DB13248	C:MESH:C100300
DB13249	C:MESH:C005013
DB13251	C:MESH:D009655
DB13252	C:MESH:C013322
DB13253	C:MESH:C084552
DB13255	C:MESH:C026352
DB13256	C:MESH:C084602
DB13258	C:MESH:C010151
DB13259	C:MESH:D005018
DB13261	C:MESH:C076246
DB13262	C:MESH:C084650
DB13264	C:MESH:C005470
DB13265	C:MESH:D006592
DB13266	C:MESH:D002436
DB13268	C:MESH:C005284
DB13270	C:MESH:D003982
DB13271	C:MESH:D003407
DB13272	C:MESH:C005040
DB13274	C:MESH:C037545
DB13275	C:MESH:C004665
DB13277	C:MESH:C058702
DB13279	C:MESH:D002866
DB13283	C:MESH:D013443
DB13285	C:MESH:C016434
DB13286	C:MESH:C100233
DB13287	C:MESH:D015644
DB13288	C:MESH:C004279
DB13289	C:MESH:C100296
DB13291	C:MESH:C002971
DB13292	C:MESH:C004327
DB13295	C:MESH:D001279
DB13296	C:MESH:C005555
DB13297	C:MESH:C004560
DB13298	C:MESH:C028238
DB13299	C:MESH:C009354
DB13300	C:MESH:C100212
DB13302	C:MESH:C100192
DB13304	C:MESH:D014228
DB13306	C:MESH:D002750
DB13307	C:MESH:D011442
DB13308	C:MESH:C019028
DB13310	C:MESH:D002486
DB13312	C:MESH:C047759
DB13313	C:MESH:C035420
DB13314	C:MESH:C027953
DB13316	C:MESH:C023487
DB13317	C:MESH:C045356
DB13318	C:MESH:D003703
DB13321	C:MESH:C100285
DB13322	C:MESH:C010467
DB13323	C:MESH:D014241
DB13324	C:MESH:C005245
DB13327	C:MESH:C011581
DB13329	C:MESH:C004451
DB13331	C:MESH:C005589
DB13334	C:MESH:C100121
DB13335	C:MESH:C010763
DB13336	C:MESH:C024629
DB13337	C:MESH:C100209
DB13338	C:MESH:C045925
DB13339	C:MESH:D005009
DB13340	C:MESH:D013468
DB13342	C:MESH:C020997
DB13343	C:MESH:C009474
DB13344	C:MESH:C028431
DB13345	C:MESH:D025442
DB13346	C:MESH:D002019
DB13347	C:MESH:C100262
DB13348	C:MESH:C004568
DB13349	C:MESH:C009376
DB13350	C:MESH:C023624
DB13351	C:MESH:C010293
DB13352	C:MESH:D003642
DB13353	C:MESH:C100253
DB13354	C:MESH:C008837
DB13358	C:MESH:C032151
DB13360	C:MESH:C013305
DB13362	C:MESH:C005825
DB13364	C:MESH:D011298
DB13366	C:MESH:D006851
DB13367	C:MESH:C025945
DB13368	C:MESH:C010832
DB13370	C:MESH:D001968
DB13371	C:MESH:C015136
DB13374	C:MESH:D014749
DB13376	C:MESH:C032620
DB13378	C:MESH:C005310
DB13383	C:MESH:C037011
DB13384	C:MESH:C005100
DB13385	C:MESH:D025443
DB13386	C:MESH:D004836
DB13392	C:MESH:D008622
DB13393	C:MESH:D004640
DB13395	C:MESH:C015853
DB13398	C:MESH:D010099
DB13399	C:MESH:C006208
DB13400	C:MESH:C002385
DB13401	C:MESH:D008520
DB13403	C:MESH:C084589
DB13405	C:MESH:D008529
DB13406	C:MESH:D002271
DB13409	C:MESH:C033383
DB13410	C:MESH:C028782
DB13411	C:MESH:D008127
DB13413	C:MESH:C005440
DB13414	C:MESH:C478450
DB13415	C:MESH:D010433
DB13416	C:MESH:C031331
DB13417	C:MESH:C038993
DB13418	C:MESH:C011310
DB13419	C:MESH:C028936
DB13420	C:MESH:C084594
DB13421	C:MESH:C022811
DB13424	C:MESH:D003634
DB13425	C:MESH:C076986
DB13429	C:MESH:C011558
DB13434	C:MESH:C033486
DB13435	C:MESH:C014926
DB13437	C:MESH:D008472
DB13438	C:MESH:C005598
DB13441	C:MESH:D009531
DB13442	C:MESH:C000486
DB13446	C:MESH:C007894
DB13447	C:MESH:C100196
DB13449	C:MESH:C003237
DB13452	C:MESH:C031877
DB13453	C:MESH:D014978
DB13454	C:MESH:C008549
DB13455	C:MESH:C008842
DB13456	C:MESH:C026483
DB13459	C:MESH:C001405
DB13461	C:MESH:C076134
DB13463	C:MESH:C011962
DB13464	C:MESH:D009951
DB13465	C:MESH:C014415
DB13466	C:MESH:C100220
DB13467	C:MESH:C018548
DB13468	C:MESH:C027641
DB13470	C:MESH:C033356
DB13472	C:MESH:D003506
DB13474	C:MESH:C028458
DB13475	C:MESH:D005661
DB13478	C:MESH:D008621
DB13480	C:MESH:D007912
DB13482	C:MESH:C015154
DB13483	C:MESH:D004979
DB13484	C:MESH:C005620
DB13488	C:MESH:D001537
DB13489	C:MESH:C020867
DB13490	C:MESH:C071047
DB13494	C:MESH:C100197
DB13495	C:MESH:D010261
DB13496	C:MESH:D007488
DB13497	C:MESH:C004904
DB13499	C:MESH:D002441
DB13501	C:MESH:C000123
DB13502	C:MESH:C026710
DB13503	C:MESH:D014449
DB13504	C:MESH:C047444
DB13505	C:MESH:D004629
DB13506	C:MESH:D002323
DB13507	C:MESH:C100295
DB13508	C:MESH:C025725
DB13509	C:MESH:C010843
DB13510	C:MESH:C010651
DB13511	C:MESH:C014417
DB13514	C:MESH:C043940
DB13516	C:MESH:C010431
DB13517	C:MESH:D000802
DB13520	C:MESH:D008711
DB13522	C:MESH:C015979
DB13523	C:MESH:C027429
DB13524	C:MESH:C009077
DB13526	C:MESH:C008783
DB13527	C:MESH:C019541
DB13530	C:MESH:C015340
DB13532	C:MESH:D003518
DB13533	C:MESH:C073330
DB13536	C:MESH:C002276
DB13537	C:MESH:C008785
DB13538	C:MESH:C023557
DB13539	C:MESH:C100278
DB13540	C:MESH:C016927
DB13541	C:MESH:C009742
DB13543	C:MESH:D008927
DB13544	C:MESH:C018935
DB13546	C:MESH:C016910
DB13548	C:MESH:C053597
DB13549	C:MESH:C020292
DB13550	C:MESH:C031906
DB13551	C:MESH:C084834
DB13552	C:MESH:D014272
DB13553	C:MESH:C044145
DB13554	C:MESH:C005209
DB13555	C:MESH:D011219
DB13557	C:MESH:C100194
DB13559	C:MESH:C084590
DB13560	C:MESH:C013471
DB13563	C:MESH:D009645
DB13564	C:MESH:C013341
DB13568	C:MESH:D007468
DB13569	C:MESH:C029451
DB13571	C:MESH:C011827
DB13572	C:MESH:C100111
DB13573	C:MESH:C019140
DB13574	C:MESH:D006535
DB13575	C:MESH:C004538
DB13577	C:MESH:C084828
DB13580	C:MESH:C009342
DB13581	C:MESH:C021082
DB13583	C:MESH:D008615
DB13586	C:MESH:D008696
DB13587	C:MESH:D008655
DB13588	C:MESH:D009257
DB13591	C:MESH:C005260
DB13593	C:MESH:C073260
DB13597	C:MESH:C005267
DB13598	C:MESH:D004986
DB13599	C:MESH:C037924
DB13600	C:MESH:C017180
DB13601	C:MESH:C040619
DB13602	C:MESH:D011397
DB13603	C:MESH:D011764
DB13604	C:MESH:C014017
DB13605	C:MESH:D010638
DB13608	C:MESH:C100189
DB13609	C:MESH:C086979
DB13610	C:MESH:C007732
DB13612	C:MESH:C002942
DB13614	C:MESH:C010242
DB13615	C:MESH:C037144
DB13616	C:MESH:C109573
DB13617	C:MESH:C017137
DB13618	C:MESH:C018986
DB13619	C:MESH:C006088
DB13624	C:MESH:C005157
DB13625	C:MESH:C100249
DB13626	C:MESH:C007420
DB13627	C:MESH:D010093
DB13628	C:MESH:C012313
DB13629	C:MESH:C002374
DB13633	C:MESH:D008613
DB13634	C:MESH:C007942
DB13635	C:MESH:C048166
DB13638	C:MESH:C035978
DB13641	C:MESH:D008720
DB13642	C:MESH:C009185
DB13643	C:MESH:C020168
DB13644	C:MESH:D008779
DB13645	C:MESH:C046818
DB13647	C:MESH:D012673
DB13648	C:MESH:D000443
DB13649	C:MESH:C011385
DB13651	C:MESH:C008541
DB13652	C:MESH:D002035
DB13653	C:MESH:C015970
DB13654	C:MESH:C033214
DB13655	C:MESH:D009552
DB13656	C:MESH:C118963
DB13657	C:MESH:C084830
DB13660	C:MESH:C100135
DB13661	C:MESH:D009560
DB13662	C:MESH:C001343
DB13665	C:MESH:C005014
DB13667	C:MESH:C070918
DB13668	C:MESH:C049860
DB13669	C:MESH:C037574
DB13670	C:MESH:C003407
DB13671	C:MESH:C012889
DB13673	C:MESH:C001495
DB13674	C:MESH:C026430
DB13675	C:MESH:C100077
DB13676	C:MESH:C046384
DB13677	C:MESH:D002225
DB13679	C:MESH:C018904
DB13680	C:MESH:C005272
DB13682	C:MESH:C038950
DB13683	C:MESH:C009146
DB13684	C:MESH:C050566
DB13685	C:MESH:C100039
DB13687	C:MESH:C021062
DB13690	C:MESH:C100195
DB13692	C:MESH:D014213
DB13693	C:MESH:D013408
DB13694	C:MESH:C084645
DB13695	C:MESH:C102258
DB13697	C:MESH:C037931
DB13698	C:MESH:C486982
DB13699	C:MESH:C025270
DB13705	C:MESH:C000858
DB13706	C:MESH:D004801
DB13708	C:MESH:C007712
DB13709	C:MESH:C032821
DB13710	C:MESH:D008710
DB13711	C:MESH:C003722
DB13712	C:MESH:C000171
DB13713	C:MESH:C014742
DB13714	C:MESH:C003773
DB13715	C:MESH:D004109
DB13716	C:MESH:D003993
DB13717	C:MESH:C006166
DB13721	C:MESH:C017160
DB13722	C:MESH:C008924
DB13723	C:MESH:C050147
DB13724	C:MESH:D009545
DB13725	C:MESH:C010637
DB13726	C:MESH:D013414
DB13727	C:MESH:C004448
DB13728	C:MESH:C036518
DB13729	C:MESH:C034532
DB13731	C:MESH:C006841
DB13733	C:MESH:C004347
DB13737	C:MESH:C084639
DB13740	C:MESH:D001534
DB13742	C:MESH:C012755
DB13743	C:MESH:D012971
DB13744	C:MESH:D010893
DB13747	C:MESH:C009546
DB13751	C:MESH:D019695
DB13752	C:MESH:C009424
DB13753	C:MESH:C006955
DB13754	C:MESH:C100282
DB13756	C:MESH:C100098
DB13757	C:MESH:C038616
DB13758	C:MESH:D002504
DB13760	C:MESH:C073716
DB13763	C:MESH:C013394
DB13765	C:MESH:D008627
DB13766	C:MESH:D008013
DB13767	C:MESH:C060523
DB13768	C:MESH:C027858
DB13772	C:MESH:C060328
DB13773	C:MESH:D013421
DB13775	C:MESH:C005632
DB13776	C:MESH:C011288
DB13777	C:MESH:D011294
DB13778	C:MESH:C021341
DB13780	C:MESH:C005681
DB13781	C:MESH:D017307
DB13782	C:MESH:C002921
DB13783	C:MESH:C026784
DB13784	C:MESH:C012950
DB13785	C:MESH:C035916
DB13786	C:MESH:C104468
DB13791	C:MESH:D010395
DB13792	C:MESH:D003005
DB13795	C:MESH:C037079
DB13798	C:MESH:C004748
DB13801	C:MESH:D009156
DB13802	C:MESH:C031365
DB13803	C:MESH:D014988
DB13804	C:MESH:C019269
DB13806	C:MESH:C061017
DB13807	C:MESH:C005832
DB13808	C:MESH:C005139
DB13809	C:MESH:C509139
DB13810	C:MESH:C012621
DB13811	C:MESH:C408162
DB13814	C:MESH:D013626
DB13816	C:MESH:C037485
DB13818	C:MESH:C006748
DB13819	C:MESH:C005583
DB13820	C:MESH:C119593
DB13821	C:MESH:C012811
DB13823	C:MESH:D010876
DB13824	C:MESH:D016620
DB13826	C:MESH:C004917
DB13828	C:MESH:C052570
DB13829	C:MESH:C031293
DB13831	C:MESH:D011196
DB13832	C:MESH:C020766
DB13833	C:MESH:C006649
DB13835	C:MESH:C000957
DB13836	C:MESH:C005195
DB13838	C:MESH:D009677
DB13841	C:MESH:D003006
DB13843	C:MESH:C011731
DB13845	C:MESH:C001162
DB13848	C:MESH:C043437
DB13849	C:MESH:C007089
DB13851	C:MESH:C055141
DB13853	C:MESH:D000781
DB13854	C:MESH:D017965
DB13855	C:MESH:C013150
DB13860	C:MESH:C043292
DB13861	C:MESH:C053571
DB13863	C:MESH:C029063
DB13864	C:MESH:C083478
DB13865	C:MESH:C086742
DB13868	C:MESH:C053001
DB13871	C:MESH:C027186
DB13872	C:MESH:C023842
DB13873	C:MESH:C006012
DB13875	C:MESH:D006246
DB13876	C:MESH:C038213
DB13877	C:MESH:C090712
DB13882	C:MESH:C008473
DB13909	C:MESH:C002170
DB13912	C:MESH:C004628
DB13916	C:MESH:D014127
DB13917	C:MESH:D003846
DB13918	C:MESH:C012891
DB13919	C:MESH:C081643
DB13920	C:MESH:C506207
DB13925	C:MESH:C513399
DB13928	C:MESH:C000591245
DB13929	C:MESH:C082134
DB13933	C:MESH:C000592276
DB13937	C:MESH:C535233
DB13940	C:MESH:C103735
DB13941	C:MESH:C034759
DB13943	C:MESH:C016131
DB13944	C:MESH:C004648
DB13946	C:MESH:C010792
DB13950	C:MESH:C070417
DB13953	C:MESH:C074283
DB13954	C:MESH:C007630
DB13960	C:MESH:C006827
DB13963	C:MESH:C004726
DB13966	C:MESH:C008205
DB13971	C:MESH:D014639
DB13972	C:MESH:D064697
DB13977	C:MESH:C037593
DB13981	C:MESH:C038501
DB13984	C:MESH:C030797
DB13985	C:MESH:C447941
DB13987	C:MESH:C025700
DB13992	C:MESH:C011673
DB14000	C:MESH:C441631
DB14006	C:MESH:C015075
DB14007	C:MESH:D004369
DB14008	C:MESH:C055957
DB14011	C:MESH:C587251
DB14015	C:MESH:C009279
DB14020	C:MESH:D001573
DB14025	C:MESH:C057477
DB14026	C:MESH:C441201
DB14027	C:MESH:C541736
DB14028	C:MESH:D003708
DB14029	C:MESH:C050131
DB14031	C:MESH:D014265
DB14034	C:MESH:C089948
DB14035	C:MESH:C066021
DB14037	C:MESH:C001669
DB14043	C:MESH:C005958
DB14048	C:MESH:C000597310
DB14050	C:MESH:C580853
DB14054	C:MESH:C017032
DB14056	C:MESH:D009550
DB14057	C:MESH:D014634
DB14058	C:MESH:C071398
DB14060	C:MESH:C080955
DB14061	C:MESH:D006826
DB14062	C:MESH:C036978
DB14064	C:MESH:C052752
DB14065	C:MESH:C052424
DB14066	C:MESH:C009438
DB14067	C:MESH:C087719
DB14071	C:MESH:C065162
DB14073	C:MESH:C572289
DB14074	C:MESH:C483506
DB14075	C:MESH:C006048
DB14078	C:MESH:C027474
DB14079	C:MESH:C000987
DB14081	C:MESH:C004446
DB14083	C:MESH:C019273
DB14084	C:MESH:C038091
DB14085	C:MESH:D002104
DB14086	C:MESH:D002392
DB14090	C:MESH:C025910
DB14094	C:MESH:C002421
DB14099	C:MESH:C010942
DB14104	C:MESH:D019787
DB14107	C:MESH:C014320
DB14110	C:MESH:C028491
DB14119	C:MESH:C012491
DB14122	C:MESH:C436747
DB14125	C:MESH:C052133
DB14128	C:MESH:D009243
DB14129	C:MESH:C502026
DB14132	C:MESH:C030093
DB14134	C:MESH:C456972
DB14135	C:MESH:D006997
DB14138	C:MESH:D012824
DB14139	C:MESH:C068339
DB14141	C:MESH:C029728
DB14143	C:MESH:C015831
DB14144	C:MESH:C026729
DB14150	C:MESH:C022842
DB14151	C:MESH:D010758
DB14154	C:MESH:D006046
DB14156	C:MESH:D002164
DB14159	C:MESH:C029285
DB14160	C:MESH:D014025
DB14173	C:MESH:C044982
DB14177	C:MESH:C006068
DB14178	C:MESH:C034033
DB14180	C:MESH:C029938
DB14183	C:MESH:C007836
DB14184	C:MESH:C012843
DB14186	C:MESH:C020722
DB14188	C:MESH:C036643
DB14189	C:MESH:C031234
DB14191	C:MESH:C027773
DB14192	C:MESH:C004845
DB14194	C:MESH:C017801
DB14197	C:MESH:C011421
DB14198	C:MESH:C018375
DB14199	C:MESH:C039411
DB14203	C:MESH:C049175
DB14206	C:MESH:C018021
DB14208	C:MESH:C052549
DB14209	C:MESH:C061095
DB14212	C:MESH:C015358
DB14213	C:MESH:C053500
DB14217	C:MESH:C054501
DB14218	C:MESH:C000592493
DB14221	C:MESH:C065857
DB14228	C:MESH:C011369
DB14232	C:MESH:C001659
DB14371	C:MESH:C021053
DB14472	C:MESH:D007335
DB14473	C:MESH:D005169
DB14480	C:MESH:C487056
DB14481	C:MESH:C494366
DB14489	C:MESH:C022943
DB14491	C:MESH:C031621
DB14494	C:MESH:C036650
DB14496	C:MESH:C024687
DB14498	C:MESH:D019347
DB14499	C:MESH:C031512
DB14500	C:MESH:D011188
DB14508	C:MESH:C038377
DB14509	C:MESH:D016651
DB14513	C:MESH:D008274
DB14517	C:MESH:C012714
DB14518	C:MESH:C013396
DB14522	C:MESH:C031356
DB14529	C:MESH:C102874
DB14533	C:MESH:C016837
DB14538	C:MESH:C063919
DB14539	C:MESH:C021650
DB14540	C:MESH:C007975
DB14544	C:MESH:C038363
DB14556	C:MESH:D010463
DB14557	C:MESH:C524860
DB14565	C:MESH:C494416
DB14566	C:MESH:C045718
DB14569	C:MESH:C546016
DB14570	C:MESH:D019326
DB14574	C:MESH:D003035
DB14575	C:MESH:C571001
DB14583	C:MESH:C029167
DB14589	C:MESH:C535047
DB14627	C:MESH:D010114
DB14630	C:MESH:C027957
DB14631	C:MESH:C009022
DB14632	C:MESH:C009021
DB14633	C:MESH:C021322
DB14634	C:MESH:C100064
DB14636	C:MESH:C014205
DB14638	C:MESH:C004932
DB14639	C:MESH:C001371
DB14640	C:MESH:C065592
DB14642	C:MESH:D008236
DB14643	C:MESH:C078007
DB14644	C:MESH:D008776
DB14645	C:MESH:C037454
DB14651	C:MESH:C028675
DB14655	C:MESH:C007561
DB14656	C:MESH:C015071
DB14657	C:MESH:C032128
DB14658	C:MESH:C030578
DB14659	C:MESH:D008552
DB14660	C:MESH:D014204
DB14661	C:MESH:C066043
DB14667	C:MESH:C025208
DB14677	C:MESH:D005866
DB14678	C:MESH:C024319
DB14681	C:MESH:D003348
DB14682	C:MESH:D003917
DB14695	C:MESH:C092844
DB14704	C:MESH:D012255
DB14714	C:MESH:C063287
DB14719	C:MESH:C006129
DB14727	C:MESH:C009175
DB14729	C:MESH:C053339
DB14732	C:MESH:C019549
DB14734	C:MESH:C037036
DB14735	C:MESH:C010695
DB14737	C:MESH:D002187
DB14741	C:MESH:D007986
DB00781	C:MESH:D011112
DB14753	C:MESH:C100274
DB14760	C:MESH:C552043
DB14763	C:MESH:C026009
DB14765	C:MESH:C553458
DB14807	C:MESH:C557897
DB14815	C:MESH:C049864
DB14821	C:MESH:C000592783
DB14826	C:MESH:C521377
DB14836	C:MESH:C033375
DB14849	C:MESH:C433466
DB14850	C:MESH:C000592437
DB14909	C:MESH:C519562
DB14923	C:MESH:C103281
DB14927	C:MESH:D000687
DB14933	C:MESH:C018613
DB14936	C:MESH:C042455
DB14938	C:MESH:C504422
DB14939	C:MESH:C116977
DB14945	C:MESH:C549477
DB14949	C:MESH:C578442
DB14951	C:MESH:C581703
DB14956	C:MESH:C553163
DB14963	C:MESH:C022901
DB14971	C:MESH:C063038
DB14972	C:MESH:C014655
DB14981	C:MESH:D010833
DB15006	C:MESH:C067660
DB15019	C:MESH:C000588548
DB15030	C:MESH:C464617
DB15038	C:MESH:C057048
DB15056	C:MESH:C099952
DB15058	C:MESH:C581552
DB15059	C:MESH:C572762
DB15073	C:MESH:D012266
DB15086	C:MESH:C100832
DB15087	C:MESH:C003243
DB15096	C:MESH:C103345
DB15097	C:MESH:C000597312
DB15098	C:MESH:C547405
DB15117	C:MESH:C560613
DB15127	C:MESH:D006859
DB15136	C:MESH:C025474
DB15160	C:MESH:C574675
DB15167	C:MESH:C574003
DB15201	C:MESH:C099823
DB15210	C:MESH:C091539
DB15215	C:MESH:C092296
DB15236	C:MESH:D005643
DB15243	C:MESH:C083998
DB15246	C:MESH:C066201
DB15261	C:MESH:C487162
DB15263	C:MESH:D013972
DB15284	C:MESH:C082897
DB15288	C:MESH:C509002
DB15293	C:MESH:C038131
DB15300	C:MESH:C014486
DB15310	C:MESH:C000590371
DB15314	C:MESH:C093440
DB15316	C:MESH:C413390
DB15318	C:MESH:D009354
DB15323	C:MESH:C000595449
DB15334	C:MESH:C004541
DB15335	C:MESH:C007768
DB15339	C:MESH:C047806
DB15344	C:MESH:C004961
DB15357	C:MESH:C075257
DB15359	C:MESH:C104536
DB15392	C:MESH:D002586
DB15393	C:MESH:C533371
DB15394	C:MESH:D024504
DB15427	C:MESH:C043457
DB15429	C:MESH:C017487
DB15436	C:MESH:C119494
DB15443	C:MESH:C493743
DB15445	C:MESH:D007465
DB15446	C:MESH:C553728
DB15462	C:MESH:C025164
DB15464	C:MESH:C026423
DB15466	C:MESH:C066900
DB15467	C:MESH:C018952
DB15477	C:MESH:C006457
DB15488	C:MESH:C060297
DB15489	C:MESH:C014262
DB15491	C:MESH:C000425
DB15492	C:MESH:C045989
DB15495	C:MESH:C107772
DB15527	C:MESH:C518022
DB15532	C:MESH:C093443
DB15534	C:MESH:C012852
DB15536	C:MESH:C024555
DB15550	C:MESH:C497721
DB15565	C:MESH:C045980
DB15566	C:MESH:C009935
DB15573	C:MESH:C005451
DB15574	C:MESH:C010789
DB15579	C:MESH:C037886
DB15580	C:MESH:C108286
DB15581	C:MESH:C043561
DB15582	C:MESH:D004448
DB15583	C:MESH:C104929
DB15584	C:MESH:D047311
DB15585	C:MESH:C076196
DB15586	C:MESH:D010365
DB15587	C:MESH:D000966
DB15588	C:MESH:C005466
DB15589	C:MESH:C013738
DB15591	C:MESH:D009320
DB15594	C:MESH:C004692
DB15598	C:MESH:C062088
